name,artifact_count,occurrences,artifacts,appears_as,engines,modes,equipment_tags,exercise_ids,possible_same_as,sample_reps,sample_cue
Gato-camello,6,6,Activación adaptativa | Core para el hotel | Movilidad | Recuperación | Core del ciclista | Core del corredor,main,activation+strength,bi,Sin equipo | Cuadrupedia,catcow,,45s,"En cuadrupedia, alterna redondear y arquear la columna al ritmo de la respiración. Muévete desde la pelvis y deja que la columna la siga vértebra por vértebra — no en bloque, y no solo cuello y hombros. Esto es control pélvico y articular, no un estiramiento. Rango cómodo, no máximo."
Psoas con apriete de glúteo,5,5,Activación adaptativa | Core para el hotel | Movilidad | Core del ciclista | Core del corredor,main+variant,activation+strength,uni,Sin equipo | Posición de caballero,hipflexSqueeze | psoas | hipflex,Psoas de rodillas,45s,"Media rodilla, pie de adelante plano. Mete la pelvis y aprieta fuerte el glúteo de la pierna de atrás antes de avanzar la cadera. Sin ese apriete estás estirando la lumbar y no el psoas: ese apriete es el ejercicio."
Puente de glúteos a una pierna,5,5,Core para el hotel | Recuperación | Aquiles | Rodillas sin dolor | Core del ciclista,main+variant,activation+strength,uni,Sin equipo | Cadena posterior,bridgeSingle | slBridge,,45s,"Un talón apoyado cerca de los glúteos, la otra rodilla abrazada al pecho. Empuja con el talón y aprieta el glúteo arriba. Si lo sientes en la lumbar, mete la pelvis y baja la altura: la idea es aislar el glúteo, no que el psoas haga el trabajo."
Dead bug,4,4,Activación adaptativa | Core para el hotel | Recuperación | Core del ciclista,main,activation+strength,alt+bi,Sin equipo | Boca arriba | Anti-extensión,deadbug | deadBug,,60s,"Boca arriba, brazos al techo y rodillas a 90°. Extiende brazo y pierna contrarios, lentos, sin que la lumbar se despegue del piso. Exhala al extender: es la exhalación la que aplana la espalda, no la fuerza abdominal. Si la lumbar se levanta, baja menos la pierna. El objetivo es control, no velocidad."
Figura 4 boca arriba,4,4,Activación adaptativa | Core para el hotel | Movilidad | Core del corredor,main+variant,activation+strength,uni,Sin equipo | Glúteo y piramidal,fig4,,45s,"Boca arriba, cruza un tobillo sobre la rodilla contraria y trae el muslo de abajo hacia el pecho. Empuja suave la rodilla cruzada hacia afuera con el codo. Empieza por el lado que sientes más rígido. Respira largo y no fuerces el rango."
Puente de glúteos,4,4,Activación adaptativa | Core para el hotel | Rodillas sin dolor | Core del ciclista,main,activation+strength,bi,Sin equipo | Boca arriba,bridge,,15,"Pies cerca de los glúteos. Sube la cadera empujando con los talones y sostén dos segundos arriba apretando los glúteos. La pausa es el ejercicio; sin ella son solo repeticiones. Baja controlado, sin arquear la lumbar. Si lo sientes en los isquios, acerca los pies."
Balanceo de pierna (frontal),3,3,Activación adaptativa | Recuperación | Rodillas sin dolor,main,activation+strength,uni,Pared de apoyo | Pared,swingFB | legSwing,,45s,Apóyate en una pared y balancea la pierna adelante y atrás. Aumenta el rango poco a poco: arrancar en el máximo es cómo se tira un isquio.
Bird dog,3,3,Core para el hotel | Recuperación | Core del ciclista,main,activation+strength,alt+uni,Cuadrupedia | Sin equipo,birdDog | birddog,Bird dog dinámico,45s,"En cuadrupedia, extiende brazo y pierna contrarios hasta la línea del tronco y sostén dos o tres segundos. La cadera queda cuadrada al piso y la lumbar quieta: si se abre hacia un costado o la espalda se arquea, baja la pierna. Imagina un vaso de agua sobre la lumbar que no se puede volcar. Aprieta el glúteo al estirar la pierna."
Couch stretch,3,3,Core para el hotel | Movilidad | Rodillas sin dolor,main+variant,activation+strength,uni,Cama o pared | Pared,quadSide_v2 | couch,,60s,"De rodillas de espaldas a una pared o a la base de la cama, empeine de atrás apoyado y el otro pie adelante en zancada. Mete la pelvis y aprieta el glúteo de la pierna de atrás antes de subir el tronco. Sin eso, la pelvis rota y el estiramiento se lo lleva la lumbar en vez del psoas y el cuádriceps. Casi nadie necesita subir tanto como cree."
El mejor estiramiento del mundo,3,3,Activación adaptativa | Core para el hotel | Recuperación,main,activation,uni,Sin equipo | De pie a zancada,wgs,,45s,"Zancada profunda, pie adelantado por fuera de la mano. Baja el codo de adentro hacia el piso, aguanta un segundo, y después rota ese brazo abriendo hacia el techo siguiendo la mano con la mirada. Cadera, aductor y torácica en un solo gesto."
Libro abierto,3,3,Movilidad | Recuperación | Hombro del nadador,main,activation+strength,uni,Sin equipo,openBook,,45s,"De costado, rodillas flexionadas y apiladas, brazos juntos adelante. Abre el brazo de arriba siguiéndolo con la mirada y deja las rodillas quietas. Si las rodillas se separan, la rotación se te fue a la lumbar."
Postura del niño,3,3,Core para el hotel | Movilidad | Core del ciclista,main+variant,activation+strength,bi,Sin equipo,childPose | child,Postura del niño con alcance lateral,60s,"Sentado sobre los talones, brazos largos adelante, frente al piso. Respira profundo hacia la espalda baja y deja que la cadera baje un poco más con cada exhalación. El objetivo es bajar revoluciones, no estirar más."
Puente con marcha,3,3,Core para el hotel | Recuperación | Core del corredor,main+variant,activation+strength,alt+bi,Sin equipo,gluteBridgeMarch | bridgeMarch,,60s,"Puente arriba y sostenido. Desde ahí despega un pie unos centímetros, apoya, y cambia. La cadera no baja y no rota. Despacio: esto es control, no repeticiones."
Rodillo: vientre del gemelo,3,3,Movilidad | Aquiles | Rodillas sin dolor,main+variant,activation+strength,uni,Rodillo | Foam roller,calfWall_v1 | rollCalf,,60-90s por lado,"Solo la parte carnosa del gemelo: nunca pases el rodillo por el tendón — es tejido muy inervado y la fricción ahí solo lo empeora. Sentado, el gemelo sobre el rodillo y la otra pierna cruzada encima para cargar. Cuando encuentres el punto que más se queja, párate ahí en vez de ir y venir rápido."
Thread the needle,3,3,Core para el hotel | Core del ciclista | Core del corredor,main+variant,activation+strength,uni,Sin equipo,thread,,8 por lado,"En cuadrupedia, pasa un brazo por debajo del cuerpo hasta apoyar el hombro; después abre el mismo brazo hacia el techo siguiéndolo con la mirada. La cadera se queda quieta y encuadrada: la rotación sale de la columna dorsal, no de la lumbar."
Postura del niño con alcance lateral,2,3,Activación adaptativa | Movilidad,main,activation,uni,Sin equipo,child | childSwim | childReach,Postura del niño,45s,"Sentado sobre los talones, camina las manos hacia un costado hasta sentir el dorsal. El dorsal es lo que te enrolla el hombro hacia adelante — soltarlo antes de nadar te devuelve rango de brazada gratis."
Ángeles en la pared,2,2,Recuperación | Hombro del nadador,main,activation+strength,bi,Pared,wallAngel,,60s,"Espalda contra la pared, lumbar pegada, brazos en W con codos y dorso de las manos tocando. Sube y baja sin despegar nada. Frena exactamente donde algo se despegue: hasta ahí llega tu rango de hoy, y forzar más no lo agranda."
Apoyo en una pierna,2,2,Recuperación | Rodillas sin dolor,main,activation+strength,uni,Sin equipo,balance,,40s,"Parado en una pierna, rodilla apenas flexionada. Que la cadera no se caiga del lado que está en el aire. Busca que el pie trabaje: dedos activos, tobillo corrigiendo. Si te resulta fácil, cierra los ojos. Ten una pared o una silla al alcance."
Balanceo lateral de pierna,2,2,Activación adaptativa | Rodillas sin dolor,main,activation+strength,uni,Pared de apoyo,swingLat,,15 por lado,"De frente a la pared, cruza la pierna de lado a lado por delante del cuerpo. Abre aductores y despierta el glúteo medio."
Elevación lateral acostado,2,2,Aquiles | Rodillas sin dolor,main,strength,,Sin equipo,hipAbd | sideRaise,,15 por lado,"De costado, pierna de arriba recta y la punta del pie apuntando levemente hacia el piso. Sube lento. Tiene que arder en el lateral del glúteo: si lo sientes en la ingle, estás rotando la pierna."
Estiramiento cruzado de hombro,2,2,Movilidad | Hombro del nadador,main,activation+strength,uni,Sin equipo,crossBody,,45s,"Lleva el brazo cruzado por delante del pecho y sostenlo por arriba del codo, nunca desde la muñeca. Antes de tirar, baja el omóplato y no dejes que el hombro viaje adelante: si el omóplato se corre, estiras la espalda y no la parte de atrás del hombro. Tiene que sentirse atrás, nunca un pinchazo adelante."
Extensión torácica en el rodillo,2,2,Recuperación | Hombro del nadador,main+variant,activation+strength,bi,Rodillo,openBook_v1 | thoracicExt,Extensión torácica en cuadrupedia,8 respiraciones,"Rodillo cruzado bajo la espalda alta, manos detrás de la nuca. Extiende hacia atrás soltando el aire y muévelo dos dedos hacia arriba, segmento por segmento. Los glúteos quedan apoyados: nunca debajo de las últimas costillas, ahí se extiende la lumbar."
Isquios boca arriba,2,2,Activación adaptativa | Movilidad,main,activation,uni,Sin equipo,hamSupine,,45s,"Agárrate por detrás del muslo y estira la rodilla hasta donde llegue sin que la cadera se despegue. La otra pierna apoyada. La punta del pie hacia ti solo al final, no desde el principio."
Isquios con toalla,2,2,Activación adaptativa | Movilidad,variant,activation,uni,Toalla o cinta | Toalla,hamSupine_v1,,45s,"Toalla en la planta del pie, pierna extendida hacia el techo. Tira desde la toalla, no desde el cuello. La otra pierna queda apoyada en el piso."
Pasada de bastón (con tope),2,2,Activación adaptativa | Recuperación,main+variant,activation,bi,Bastón o palo,stickPass | wallAngel_v1,,45s,"Agarre muy ancho, brazos estirados, pasa el bastón de los muslos hacia atrás y vuelve. Esto no es un concurso de flexibilidad: detente donde se te abran las costillas, se te arquee la lumbar o se te suban los hombros. Si tienes que forzar, achica el agarre."
Pelota: pectoral menor,2,2,Movilidad | Hombro del nadador,main+variant,activation+strength,uni,Pelota | Pelota de tenis,pecFloor_v1 | ballPec,,60s por lado,"Coloca la pelota bajo la clavícula, por dentro del frente del hombro. Presión suave y quieta: esta zona no se rodea, se sostiene. No aplastes — aquí hay nervios y tendones, y esto no es un punto para pelear."
Plancha lateral con elevación de pierna,2,2,Core para el hotel | Core del ciclista,main+variant,activation+strength,uni,Anti-flexión lateral,sidePlank,Plancha lateral dinámica,30-40s por lado,"Antebrazo debajo del hombro, cuerpo en línea, cadera arriba. Una vez estable, sube y baja la pierna de arriba controlada. Oblicuos y glúteo medio."
Postura de la paloma,2,2,Core para el hotel | Rodillas sin dolor,main,activation+strength,uni,Piso | Sin equipo,pigeon,,60s,"Pierna de adelante flexionada cruzada, la de atrás estirada y alineada, no abierta al costado. Presiona la espinilla de adelante contra el piso en vez de derrumbarte. Si la rodilla molesta, pon una almohada bajo la cadera."
Rodillo: cuádriceps,2,2,Movilidad | Rodillas sin dolor,main+variant,activation+strength,uni,Rodillo | Foam roller,quadSide_v1 | rollQuad,,60-90s por lado,"Boca abajo, el muslo sobre el rodillo, del pliegue de la cadera hasta justo arriba de la rótula. Presión media: si tienes que aguantar la respiración, es demasiada. Cuando encuentres un punto sensible, párate ahí y flexiona y estira la rodilla."
Rotación externa isométrica,2,2,Recuperación | Hombro del nadador,main,activation+strength,uni,Pared | Marco de puerta,extRotation | isoER,,45s,"Codo pegado a las costillas a 90°, dorso de la muñeca contra el marco de una puerta o una pared. Empuja hacia afuera al 50% y sostén, sin que nada se mueva. Que el hombro no se vaya adelante y el codo no se separe del cuerpo."
Rotación torácica en cuadrupedia,2,2,Activación adaptativa | Recuperación,main,activation,uni,Sin equipo,threadNeedle,,30s,"En cuatro puntos, una mano detrás de la cabeza. Lleva el codo hacia la rodilla contraria y después abre rotando el torso, siguiendo el codo con la mirada. La cadera se queda cuadrada: si se va contigo, estás rotando desde la lumbar y no desde la espalda alta."
Tobillos para la patada,2,2,Activación adaptativa | Recuperación,main,activation,bi,Sin equipo,ankleSwim | plantarFlex,,40s,"Sentado con las piernas estiradas, apunta las puntas de los pies lo más lejos que puedas y sostén, después tráelas hacia ti. Activa, no pasiva: es el rango que empuja el agua en la patada."
Torsión espinal,2,2,Activación adaptativa | Movilidad,main,activation,uni,Sin equipo,twist,,45s,"Acostado, rodilla cruzada al lado opuesto, brazos abiertos, mirada al lado contrario. El hombro no se despega del piso: si se despega, baja la rodilla. Suelta un poco más en cada exhalación."
Y-T-W boca abajo,2,2,Activación adaptativa | Recuperación,main,activation,bi,Sin equipo,ytw | ytwl,,45s,"Boca abajo, frente apoyada, pulgares al techo. Despega los brazos en Y, después en T, después en W (codos a 90° junto a las costillas). Las escápulas van hacia abajo, nunca hacia las orejas: si te encoges, el trabajo se lo lleva el trapecio superior."
"Bajada excéntrica, pierna recta",1,2,Aquiles,main,strength,,Escalón | Piso plano,eccStraight | eccStraightFlat,,15 por lado,"En el piso, no en el escalón. Sube a puntas con las dos, saca la pierna sana y baja con la de trabajo en 4-5 segundos hasta que el talón toque el piso, y ahí paras. Nunca más abajo: con dolor en la inserción ese rango aplasta el tendón contra el hueso."
"Bajada excéntrica, rodilla flexionada",1,2,Aquiles,main,strength,,Escalón | Piso plano,eccBent | eccBentFlat,,15 por lado,"Media planta en el borde del escalón, rodilla flexionada unos 30° todo el movimiento. Sube con las dos, baja con una en tres segundos dejando caer el talón. La rodilla doblada pasa la carga del gemelo al sóleo."
Elevación de talón en prensa,1,2,Aquiles,main,strength,,Prensa | Prensa · rango limitado,legPressCalf | legPressCalfNeutral,,8-10,"Piernas casi estiradas, sin bloquear la rodilla hacia atrás, empujando con el metatarso. Tempo lento. Con la rodilla extendida el protagonista es el gemelo."
Elevación de talón sentado,1,2,Aquiles,main,strength,,Máquina | Máquina · rango limitado,seatedCalf | seatedCalfNeutral,,6-8,"Máquina sentado, pesado, 3 segundos arriba y 3 abajo. Frena cuando el talón llega a la altura del apoyo: no lo dejes caer por debajo. Ese último tramo comprime la inserción."
Sentadilla isométrica en pared,1,2,Rodillas sin dolor,main,strength,,Pared | Pared · disco opcional,wallSit | wallSitLoaded,,45s,"Espalda contra la pared, rodillas a ~90°. Empuja los talones como si quisieras arrastrarlos hacia atrás. Puedes poner un disco sobre los muslos. Si hoy la rodilla molesta, empieza por aquí."
90-90 sostenido,1,1,Core para el hotel,variant,activation,uni,,,,,"Sentado, una pierna a 90° adelante y la otra a 90° al costado. Quédate de un lado, pecho alto, inclinándote suave hacia adelante desde la cadera. No redondees la lumbar para llegar más lejos."
Abducción de cadera en polea,1,1,Rodillas sin dolor,main,strength,,Polea baja,cableAbd,,12-15 por lado,"Tobillera en la polea baja, de costado a la máquina. Barre la pierna hacia afuera. El tronco se queda quieto: si te inclinas al otro lado, baja el peso."
Activación de transverso,1,1,Recuperación,main,activation,bi,Sin equipo,tva,,60s,"Boca arriba, rodillas dobladas, manos por dentro de los huesos de la cadera. Inhala al abdomen; al exhalar lleva el ombligo adentro y arriba sin mover la pelvis. Deberías sentir una tensión suave bajo los dedos."
Aducción en polea o máquina,1,1,Rodillas sin dolor,main,strength,,Polea o máquina,cableAdd,,12-15 por lado,"De costado a la polea o en la máquina de aductores. Cierra la pierna en rango completo, sin rebote. El tronco no se inclina para ayudar."
Almeja con minibanda,1,1,Recuperación,variant,activation,uni,Minibanda,clamshell_v1,,,"De costado, banda por encima de las rodillas, talones juntos. Abre la rodilla de arriba sin que la cadera se caiga hacia atrás. La bajada tan lenta como la subida."
Almeja lenta,1,1,Recuperación,main,activation,uni,Sin equipo,clamshell,,45s,"De costado, rodillas dobladas, talones juntos. Abre la rodilla de arriba sin que la cadera se caiga hacia atrás. Pon la mano en el glúteo y siente que trabaja ahí. Lento, un segundo arriba."
Antebrazos y muñecas,1,1,Movilidad,main,activation,uni,Sin equipo,forearm,,30s,"En cuadrupedia, gira la mano hasta que los dedos apunten a las rodillas y siéntate lento hacia atrás. Después apoya el dorso de la mano para el otro lado. No fuerces si pinza."
Apertura de pecho boca abajo,1,1,Movilidad,main,activation,uni,Sin equipo,pecFloor,,45s,"Boca abajo, un brazo en cruz a la altura del hombro. Rueda el cuerpo hacia ese lado apoyando el pie contrario. Busca el pecho, no el frente del hombro: si pinza adentro, baja el brazo unos centímetros."
Aperturas con banda,1,1,Activación adaptativa,main,activation,bi,Banda larga,pullApart,,,"Banda al frente, brazos estirados a la altura de los hombros. Separa las manos juntando las escápulas. Resistencia baja y muchas repeticiones."
Arco y dedos del pie,1,1,Movilidad,main,activation,uni,Sin equipo,footArch,,45s,"Sentado sobre los talones con los dedos flexionados hacia adelante. Si es mucho, apóyate con las manos. Después abre y cierra los dedos."
Arrugar la toalla,1,1,Aquiles,main,strength,,Toalla,towel,,20 por lado,"Sentado y descalzo, toalla en el piso. Arrúgala hacia ti solo con los dedos. Un pie fuerte se queda con parte del despegue en vez de mandárselo entero al tendón."
Barridos 90-90 de cadera,1,1,Core para el hotel,main,activation,alt,Sentado,,,,"Sentado, una pierna a 90° adelante y la otra a 90° al costado. Lleva las rodillas de un lado al otro como un limpiaparabrisas, lento. Pecho alto: si te encorvas, el movimiento sale de la lumbar. Ayúdate con las manos atrás si hace falta."
Bicicleta lenta,1,1,Core para el hotel,variant,activation,alt,,,,,"Boca arriba, omóplatos despegados. Codo hacia la rodilla contraria mientras la otra pierna se extiende sin tocar el piso. Lento, con rotación real del tronco, no un vaivén de codo."
Bird dog codo-rodilla,1,1,Core para el hotel,variant,activation,alt,,,,,"En cuadrupedia, extiende brazo y pierna contrarios. Entre repeticiones, junta codo y rodilla debajo del cuerpo antes de volver a extender. La lumbar no se mueve en el cierre ni en la apertura."
Bird dog dinámico,1,1,Core del corredor,main,strength,,Sin equipo,birddog,Bird dog,10 por lado,"En cuadrupedia, extiende brazo y pierna contrarios hasta la línea del tronco y alterna sin pausas largas. Espalda plana, como un vaso de agua en la lumbar."
Bird dog isométrico,1,1,Core para el hotel,variant,activation,uni,,,,,"En cuadrupedia, extiende brazo y pierna contrarios hasta la línea del tronco y quédate ahí todo el bloque. Cadera cuadrada, lumbar quieta. Imagina un vaso de agua sobre la lumbar."
Brazada en seco,1,1,Activación adaptativa,main,activation,bi,Sin equipo,dryStroke,,,"Inclínate un poco adelante y haz el gesto de la brazada despacio, codo alto y brazo largo. Es para llegar al agua con el gesto despierto, no para corregir técnica."
Búlgara con mancuernas,1,1,Rodillas sin dolor,main,strength,,Mancuernas,bulgarianW,,8-10 por pierna,"Pie de atrás elevado, mancuernas a los lados, pecho arriba. Rodilla de adelante sobre el segundo dedo. Suma peso solo cuando las repeticiones salgan sin que la rodilla se meta."
Cadera 90/90,1,1,Recuperación,main,activation,uni,Sin equipo,nineNinety,,60s,"Sentado, una pierna a 90° adelante y la otra a 90° al costado. Inclínate sobre la de adelante, vuelve, y pasa al otro lado levantando las rodillas sin usar las manos. Esa transición activa es el ejercicio."
Caminata de oruga,1,1,Recuperación,main,activation,bi,Sin equipo,inchworm,,60s,"De pie, pliégate hacia adelante y camina con las manos hasta plancha, sin mover los pies. Vuelve caminando las manos hacia atrás. Piernas lo más estiradas que aguanten."
Caminata de oso,1,1,Recuperación,main,activation,bi,Sin equipo,bearCrawl,,60s,"Cuadrupedia con las rodillas a un palmo del piso. Avanza y retrocede moviendo mano y pie contrarios, cadera baja, sin balancearte de lado a lado. Pasos cortos."
Caminata en puntas con peso,1,1,Aquiles,main,strength,,Mancuernas,farmerToes,,30s,"Mancuernas pesadas. Camina lento manteniéndote alto sobre el metatarso, sin que el talón baje. Entrena rigidez de tobillo bajo carga."
Caminata lateral con minibanda,1,1,Recuperación,variant,activation,bi,Minibanda,latWalk_v1,,,"Media sentadilla, banda en los tobillos o por encima de las rodillas. Camina de lado con pasos parejos, sin que el pie de atrás se arrastre. Rodillas hacia afuera y cadera a la misma altura."
Caminata lateral en media sentadilla,1,1,Recuperación,main,activation,bi,Sin equipo,latWalk,,60s,"Media sentadilla, pecho alto. Camina de lado con pasos parejos, sin juntar los pies del todo. Rodillas hacia afuera y cadera a la misma altura. Ida y vuelta."
CARs de cadera,1,1,Recuperación,main,activation,uni,Sin equipo,carsHip,,60s,"De pie o en cuadrupedia: rodilla al pecho, ábrela al costado, rótala atrás y baja. El círculo más grande que puedas sin que se mueva nada más que la cadera. Si el tronco compensa, achica el círculo."
CARs de columna,1,1,Recuperación,main,activation,bi,Sin equipo,carsSpine,,90s,"Sentado sobre los talones o en una silla. Segmento por segmento: flexión y extensión torácica, inclinación a cada lado, rotación. La cadera no se mueve: si se mueve, ya no estás moviendo la columna."
CARs de cuello,1,1,Recuperación,main,activation,bi,Sin equipo,neckCars,,60s,"Sentado, hombros quietos. Mentón al pecho, rueda hacia un hombro, oreja atrás, y completa el círculo. Despacísimo. Si aparece mareo o hormigueo, detente."
CARs de hombro,1,1,Recuperación,main,activation,uni,Sin equipo,carsShoulder,,60s,"Brazo estirado: súbelo por adelante, rótalo y baja por atrás, el círculo más amplio posible. Costillas abajo, la otra mano en el esternón para sentir si el tronco se mueve."
CARs de tobillo,1,1,Recuperación,main,activation,uni,Sin equipo,carsAnkle,,45s,"Sentado, pierna estirada. Dibuja el círculo más grande que puedas con la punta del pie, en las dos direcciones. Rodilla y pierna quietas. Busca el borde del rango y párate un segundo en cada punto."
Círculos de brazos completos,1,1,Activación adaptativa,main,activation,bi,Sin equipo,armCircles,,,"De pie, abdomen firme para no arquear la lumbar. Círculos amplios hacia atrás pasando el bíceps cerca de la oreja, después hacia adelante. Lentos: esto lubrica el hombro, no es cardio."
Círculos de cadera,1,1,Activación adaptativa,main,activation,uni,Sin equipo,hipCircles,,,"De pie en una pierna, rodilla levantada. Dibuja círculos amplios hacia adelante y hacia atrás. El tronco no se mueve: solo la cadera. Si te balanceas, acércate a una pared."
Círculos de tobillo + elevación,1,1,Activación adaptativa,main,activation,bi,Sin equipo,ankle,,,"Diez círculos en cada dirección con cada pie, después elevaciones de talón lentas. El tobillo es la primera articulación que toca el piso: si está dormido, todo lo de arriba compensa."
Círculos de tobillo + elevación con banda,1,1,Activación adaptativa,main,activation,bi,Minibanda,ankleBand,,,"Círculos de tobillo primero, en las dos direcciones. Después, banda en los tobillos: sube a puntas contra la banda y baja lento y completo."
Cobra sostenida,1,1,Core para el hotel,variant,activation,bi,,,,,"Boca abajo, manos bajo los hombros, pecho arriba y cadera en el piso. Hombros lejos de las orejas. Si la lumbar aprieta, baja un poco el pecho o adelanta las manos."
Cruce de cadera externa,1,1,Movilidad,main,activation,uni,Sin equipo,itCross,,45s,"Boca arriba, lleva una rodilla cruzada al lado opuesto dejando que la pelvis rote, brazos abiertos. Buscas tensor y glúteo, por fuera de la cadera. La cintilla no se estira a golpes. No se ablanda a golpes: lo que se afloja es lo que tira de ella."
Crunch corto,1,1,Core para el hotel,variant,activation,bi,,,,,"Boca arriba, manos detrás de la cabeza sin tirar del cuello. Despega solo los omóplatos y quédate en ese rango corto, con tensión constante. No subas hasta sentarte."
Cuádriceps de costado,1,1,Movilidad,main,activation,uni,Sin equipo,quadSide,,45s,"De costado, agarra el tobillo de arriba y lleva el talón al glúteo. Pelvis metida, rodilla apuntando al piso, no abierta hacia afuera. Si la lumbar se arquea, afloja el rango."
Cuádriceps de pie,1,1,Core para el hotel,variant,activation,uni,,,,,"De pie, talón al glúteo, rodillas juntas y pelvis metida. Sujeta el tobillo, no el pie. Si la lumbar se arquea, afloja el rango. Es la versión de pie cuando el piso no es opción."
Cuello y trapecio,1,1,Movilidad,main,activation,uni,Sin equipo,neckTrap,,30s,"Sentado, la mano del lado que estiras sujeta el asiento. Lleva la oreja al hombro contrario sin encoger el hombro. No tires con la otra mano: el peso de la cabeza alcanza."
Dead bug con banda,1,1,Activación adaptativa,main,activation,alt,Minibanda,deadbugBand,,,"Boca arriba, banda por encima de las rodillas, presión hacia afuera constante. Extiende brazo y pierna contrarios sin que la banda gane y sin despegar la lumbar. Exhala al extender."
Dead bug con presión isométrica,1,1,Core del corredor,main,strength,,Anti-extensión,deadbugPress,,10-12 por lado,"Boca arriba, rodillas a 90°, palmas contra los muslos. Empuja las piernas hacia ti y resiste con las manos; sin soltar esa tensión, extiende brazo y pierna contrarios hacia el suelo sin tocarlo. La lumbar empuja el piso todo el tiempo."
Dead bug isométrico,1,1,Core para el hotel,variant,activation,bi,,,,,"Boca arriba, brazos y rodillas a 90°. Empuja las manos contra las rodillas y sostén la tensión respirando normal. La lumbar no se despega."
Descenso de piernas,1,1,Core para el hotel,variant,activation,alt,,,,,"Boca arriba, piernas a 90°, brazos quietos. Baja una pierna por vez hasta rozar el piso con el talón y vuelve. La lumbar no se despega: si se levanta, no bajes tanto."
Deslizamiento de antebrazos en pared,1,1,Hombro del nadador,main,strength,,Pared,serratusSlide,,10,"De frente a la pared, antebrazos apoyados. Deslízalos hacia arriba y, arriba del todo, empuja la pared como si quisieras alejarte, dejando que los omóplatos se abracen a las costillas. Ese último empujón es el serrato."
Deslizamiento neural,1,1,Activación adaptativa,main,activation,uni,Sin equipo,floss,,30s,"Boca arriba, rodilla al pecho. Extiende la pierna hacia el techo mientras llevas la punta del pie hacia ti; suelta y repite, lento. No es un estiramiento: buscas que el nervio deslice. Si tira fuerte, achica el rango."
Dominada escapular,1,1,Hombro del nadador,main,strength,,Barra,scapPullUp,,8-12,"Colgado, brazos estirados. Sin flexionar los codos, junta los omóplatos hasta subir dos o tres centímetros. Sostén 2 segundos y baja."
Dragón alado,1,1,Recuperación,main,activation,uni,Sin equipo,dragon,,90s,"Estocada muy larga, manos por dentro del pie de adelante, rodilla de atrás en el piso. Deja que la rodilla de adelante caiga hacia afuera y baja a los antebrazos si llegas. Quédate en un 6 o 7 sobre 10. Sin rebotes."
Elevación de punta (tibial anterior),1,1,Aquiles,main,strength,,Pared de apoyo,tibRaise,,20,"De espaldas a la pared, talones un paso adelante. Sube las puntas hacia las espinillas lo más alto que puedas y baja lento. Es el antagonista del gemelo."
Elevación de talones,1,1,Activación adaptativa,main,activation,bi,Sin equipo,calf,,,"De pie, sube lento hasta la punta del pie y baja más lento todavía. La bajada es el ejercicio. No rebotes arriba ni abajo."
Elevación de talones excéntrica,1,1,Recuperación,main,activation,bi,Sin equipo,calfEcc,,60s,Sube a puntas con las dos piernas y baja con una sola en tres segundos. La bajada es el ejercicio. Alterna la pierna que baja. No rebotes abajo.
Elevación lateral con banda,1,1,Activación adaptativa,main,activation,uni,Minibanda,latRaiseBand,,,"De pie, banda en los tobillos. Sube la pierna al lateral con el pie apuntando levemente hacia abajo. El tronco se queda vertical: si se inclina, baja el rango."
Elevación lateral de pierna,1,1,Activación adaptativa,main,activation,uni,Sin equipo,latRaise,,,"De pie o de costado, sube la pierna al lateral con el pie apuntando levemente hacia abajo. Rango medio, sin impulso. Si el tronco se inclina, bajaste el rango."
Empeine y tibial con rodillo,1,1,Movilidad,variant,activation,bi,Rodillo,ankleKick_v1,,,"En cuadrupedia, el rodillo sobre la parte de adelante de la tibia. Rueda despacio de la rodilla al tobillo. Zona sensible: menos presión de la que crees."
Enrollado vertebral boca arriba,1,1,Recuperación,main,activation,bi,Sin equipo,rollDown,,90s,"Boca arriba, rodillas dobladas. Sube vértebra por vértebra hasta los omóplatos y baja igual de lento, de arriba hacia abajo. Lo que buscas es que la columna se articule por segmentos, no que suba alto."
Escaneo corporal,1,1,Recuperación,main,activation,bi,Sin equipo,bodyScan,,180s,"Boca arriba, piernas largas, palmas arriba. Recorre el cuerpo de los pies a la cabeza, una respiración por zona, soltando lo que encuentres apretado. Mandíbula y trapecios al final."
Escorpión boca abajo,1,1,Recuperación,main,activation,uni,Sin equipo,scorpion,,45s,"Boca abajo, brazos en cruz. Lleva un talón cruzado hacia la mano contraria dejando que la cadera rote, pecho lo más pegado al piso que puedas. Lento a la ida y a la vuelta."
Esfinge suave,1,1,Movilidad,main,activation,bi,Sin equipo,sphinx,,60s,"Boca abajo, codos debajo de los hombros, pelvis pesada en el piso. Extensión suave y sostenida, no una cobra. Si aprieta la lumbar, adelanta los codos."
"Estiramiento en pared, pierna recta",1,1,Aquiles,main,strength,,Pared,wallStraight,,2 min por lado,"Manos en la pared, pierna de atrás recta, talón clavado. Estira el gemelo. Mejor con el tejido caliente: estirar un aquiles frío e irritado enciende el cuadro."
"Estiramiento en pared, rodilla flexionada",1,1,Aquiles,main,strength,,Pared,wallBent,,2 min por lado,"Manos en la pared, pierna de atrás atrás, talón clavado. Flexiona levemente esa rodilla sin despegar el talón. El estiramiento baja hacia el sóleo, cerca del tendón. Tronco erguido."
Estocada inversa con brazos arriba,1,1,Recuperación,main,activation,uni,Sin equipo,reverseLunge,,45s,"Paso largo hacia atrás bajando la rodilla, brazos estirados por encima de la cabeza y costillas abajo. Los brazos arriba convierten esto en trabajo de cadera y torácica a la vez."
Estocada lateral en media rodilla,1,1,Movilidad,main,activation,uni,Sin equipo,adductor,,45s,"De rodillas, una pierna estirada al costado con el pie apoyado. Lleva la cadera atrás y hacia el lado contrario. Espalda larga. Es el aductor largo."
Excéntricas en escalón,1,1,Recuperación,variant,activation,bi,Escalón,calfEcc_v1,,,"Media planta en el borde del escalón. Sube con dos, baja con una dejando caer el talón por debajo, tres segundos. Si ya estás en un protocolo de aquiles, cuenta estas series como parte de aquel."
Extensión de rodilla (rango terminal),1,1,Rodillas sin dolor,main,strength,,Máquina,legExt,,15,"En la máquina, solo los últimos 30°: de rodilla apenas flexionada a estirada, peso moderado, aprieta arriba. El rango completo cizalla; este pedazo aísla el vasto interno."
Extensión torácica en cuadrupedia,1,1,Movilidad,main,activation,bi,Sin equipo,thoracicExt,Extensión torácica en el rodillo,60s,"De rodillas, antebrazos adelante y glúteos hacia los talones. Hunde el pecho hacia el piso dejando que se abran las axilas. Si se arquea la lumbar, acerca más los glúteos a los talones."
Face pull con banda,1,1,Hombro del nadador,main,strength,,Banda elástica,bandFacePull,,15,"Banda a la altura de la cara. Trae las manos hacia la frente, codos atrás, y gira las manos hacia arriba hasta terminar como haciendo bíceps."
Fascia plantar con pelota,1,1,Movilidad,variant,activation,uni,Pelota,footArch_v1,,,"De pie o sentado, rueda la planta sobre la pelota del talón a los dedos, lento. Cuando un punto se queje, párate ahí. Presión que puedas sostener respirando normal."
Figura 4 sentado,1,1,Core para el hotel,variant,activation,uni,,,,,"Sentado al borde de una silla o de la cama, tobillo sobre la rodilla contraria. Inclínate suave hacia adelante desde la cadera, espalda larga. Empieza por el lado más rígido."
"Flexión ""plus"" (protracción)",1,1,Hombro del nadador,main,strength,,Sin equipo,pushPlus,,10-12,"Plancha alta — o de rodillas, o contra la pared si el hombro está sensible. Flexión normal y, arriba, con los codos ya estirados, empuja el piso un poco más hasta que la espalda alta se redondee. Ese centímetro extra es el ejercicio."
Flexión escapular,1,1,Recuperación,main,activation,bi,Sin equipo,scapPushup,,45s,"Plancha alta, codos estirados todo el tiempo. Deja caer el pecho juntando los omóplatos y después empuja el piso separándolos al máximo. El movimiento es de tres o cuatro centímetros."
Gato-camello sentado,1,1,Core para el hotel,variant,activation,bi,,,,,"Sentado al borde de una silla o de la cama, manos en las rodillas. Exhala redondeando la espalda, inhala arqueándola. Muévete desde la pelvis, vértebra por vértebra."
Gemelo en pared,1,1,Movilidad,main,activation,uni,Pared,calfGastro,,45s,"Manos en la pared, pierna de atrás recta, talón clavado. Rodilla estirada es gemelo. Cadera adelante y tronco erguido: si te vas de espaldas, perdiste el estiramiento."
Glúteo con pelota,1,1,Movilidad,variant,activation,uni,Pelota,fig4_v1,,,"Sentado sobre la pelota, busca el punto del glúteo que se queja y quédate quieto ahí respirando, no ruedes. Cruza el tobillo sobre la rodilla para llegar más profundo."
Guerrero I a II y Triángulo,1,1,Recuperación,main,activation,uni,Sin equipo,warriorFlow,,120s,"Guerrero I con la cadera al frente, abre a Guerrero II girando el torso, y desde ahí baja al triángulo con el brazo largo. Unas cinco respiraciones en cada una. Rodilla de adelante encima del tobillo, nunca por delante del pie."
I-Y-T boca abajo,1,1,Hombro del nadador,main,strength,,Sin equipo,proneIYT,,8 en cada posición,"Boca abajo, frente apoyada, pulgares al techo. Despega los brazos adelante (I), en diagonal (Y) y en cruz (T). Omóplatos hacia abajo, nunca hacia las orejas. Sin peso hasta que salgan las repeticiones sin encoger el hombro."
Isométrico en puntas (escalón),1,1,Aquiles,main,strength,,Escalón,isoStep,,30-45s,"Dos pies en el borde del escalón, sube a puntas y sostén quieto arriba. Si arrancas por aquí, el resto de la sesión suele doler menos."
Isométrico en puntas (piso),1,1,Aquiles,main,strength,,Sin equipo,isoFlat,,30-45s,"En piso plano, sube a puntas y sostén quieto arriba. Con dolor en la inserción no queremos el talón por debajo del nivel del pie."
Isquios con contracción y suelta,1,1,Recuperación,main,activation,uni,Sin equipo,pnfHam,,90s,"Boca arriba, pierna al techo agarrada por detrás del muslo. Empuja el talón contra tus manos al 20% durante 5 segundos, suelta, y sube un poco más. Tres o cuatro ciclos. La pierna de abajo se queda apoyada."
Marcha con rodilla alta,1,1,Activación adaptativa,main,activation,alt,Sin equipo,march,,,"Marcha en el lugar, rodilla arriba, pie de apoyo activo, tronco erguido. No te balancees hacia atrás para levantar más: esa es la trampa."
Marcha con rodilla alta y banda,1,1,Activación adaptativa,main,activation,alt,Minibanda,marchBand,,,"Banda en los tobillos. Marcha con rodilla alta, tronco erguido. Despacio en la bajada: la banda quiere devolverte el pie al piso y ahí es donde se pierde el control."
Mariposa,1,1,Movilidad,main,activation,bi,Sin equipo,butterfly,,60s,Plantas juntas. Inclínate desde la cadera con la espalda larga: redondear para llegar más abajo es puro engaño. Los codos pueden empujar suave las rodillas.
Mariposa sentado,1,1,Core para el hotel,variant,activation,bi,,,,,"Plantas de los pies juntas, rodillas hacia afuera. Inclínate suave hacia adelante desde la cadera, espalda larga. No redondees para llegar más abajo."
Movilidad de tobillo sin forzar,1,1,Aquiles,main,strength,,Sin equipo,ankleMob,,90s por lado,"Sentado, círculos amplios y lentos, después puntas hacia adelante sostenidas. Aquí no hay estiramiento de gemelo a propósito: con dolor en la inserción, la dorsiflexión máxima comprime el tendón. Movilidad sí, tironeo no."
Pasada de banda por encima,1,1,Activación adaptativa,main,activation,bi,Banda larga,bandOverhead,,,"Agarre bien ancho, brazos estirados. Pasa la banda de adelante hacia atrás por encima de la cabeza. Frena apenas se te abran las costillas o se te suban los hombros."
Perro abajo a perro arriba,1,1,Recuperación,main,activation,bi,Sin equipo,dogFlow,,120s,"Fluye al ritmo de la respiración: exhalas hacia perro boca abajo empujando los talones, inhalas a perro boca arriba abriendo el pecho. Sin apurar el tránsito."
Perro boca abajo sostenido,1,1,Core para el hotel,variant,activation,bi,,,,,"Manos y pies en el piso, cadera alta, talones buscando el suelo. Quédate ahí todo el bloque pedaleando suave con los talones. Espalda larga; si los isquios tiran, flexiona un poco las rodillas."
Peso muerto a una pierna,1,1,Core del corredor,main,strength,,Apoyo unipodal,slDeadlift,,8-10 por pierna,"De pie en una pierna, rodilla apenas flexionada. Lleva el tronco adelante y la pierna libre atrás hasta quedar en una sola línea, y vuelve sin apoyar. La cadera libre no se abre: las dos crestas ilíacas miran al piso. Si te tambaleas, acorta el rango antes que tocar el piso."
Peso muerto rumano,1,1,Rodillas sin dolor,main,strength,,Barra o mancuernas,rdl,,10-12,"Barra o mancuernas. Bisagra de cadera, no sentadilla: los glúteos van hacia atrás y las rodillas casi no se mueven. Espalda larga."
Pie corto,1,1,Aquiles,main,strength,,Sin equipo,shortFoot,,30s por lado,"Descalzo, pie apoyado. Acerca la base de los dedos al talón levantando el arco, sin arrugar los dedos y sin girar el tobillo. Es diminuto: cuando aparece, sientes el arco activo."
Piernas en la pared,1,1,Movilidad,main,activation,bi,Pared,wallLegs,,120s,"Glúteos cerca de la pared, piernas verticales apoyadas, brazos al costado. No estás estirando: estás bajando pulsaciones. Si tira mucho de los isquios, aléjate un poco."
Plancha alta a perro boca abajo,1,1,Core para el hotel,main,activation,bi,Boca abajo,,,,"Desde la plancha alta, empuja la cadera arriba y atrás hasta el perro boca abajo, talones al piso, y vuelve. Si los isquios están duros, flexiona un poco las rodillas: la espalda recta manda."
Plancha alta a rodillas,1,1,Core para el hotel,variant,activation,bi,,,,,"Desde la plancha alta, baja las rodillas al piso y vuelve a extender. Pelvis metida en ambos puntos. Úsala si el hombro molesta en el perro boca abajo."
Plancha alta con alcance al frente,1,1,Core del corredor,main,strength,,Anti-rotación,plankReach,,16-20 alcances,"Plancha alta, pies a la anchura de los hombros. Estira un brazo hacia adelante, sostén 2 segundos y baja. Costillas abajo y cadera quieta."
Plancha alta con toque de hombro,1,1,Core para el hotel,main,activation,alt,Boca abajo,,,,"Plancha alta, pies bien separados. Toca el hombro contrario y vuelve. El objetivo no es tocar rápido: es que la cadera no se mueva ni un centímetro. Si baila, separa más los pies o apoya las rodillas."
Plancha alta isométrica,1,1,Core para el hotel,variant,activation,bi,,,,,"Plancha alta, manos bajo los hombros. Empuja el piso, espalda ancha, pelvis metida. Sostén sin movimiento. Si la lumbar se hunde, apoya las rodillas."
Plancha con alcance cruzado,1,1,Core del ciclista,main,strength,,Anti-rotación,crossReach,,10-12 alcances,"Plancha alta. Estira una mano lejos y cruzada, pasando la línea de la otra mano, lento. La cadera no rota ni se hunde."
Plancha con rodillas apoyadas,1,1,Core para el hotel,variant,activation,alt,,,,,"Plancha con las rodillas en el piso, pies despegados. Toca el hombro contrario con una mano y vuelve. La cadera no se mueve. Es la regresión correcta, no una versión menor."
Plancha copenhague (modificada),1,1,Rodillas sin dolor,main,strength,,Silla o sillón,copenhagen,,20-30s por lado,Plancha lateral con la rodilla de arriba apoyada en una silla y la pierna de abajo despegada. Cuerpo en línea. Trabaja los aductores.
Plancha de oso con toques de hombro,1,1,Core del ciclista,main,strength,,Anti-rotación,bearTaps,,16-20 toques,Cuadrupedia con las rodillas despegadas unos centímetros. Toca el hombro contrario. La cadera no bascula ni un grado.
Plancha en tensión de streamline,1,1,Activación adaptativa,main,activation,bi,Sin equipo,swimStreamline,,40s,"Plancha alta. Mete la pelvis, aprieta el abdomen y alinéate como una flecha, cabeza neutra mirando al piso. Una vez, bien hecha."
Plancha larga,1,1,Core del ciclista,main,strength,,Anti-extensión,longPlank,,20-30s,"Plancha de antebrazos con los codos bastante más adelante que los hombros. Pelvis metida, costillas abajo. Busca la distancia donde aguantas el bloque sin que la lumbar se hunda."
Plancha lateral,1,1,Core para el hotel,main,activation,uni,De costado,,,,"Codo debajo del hombro, cuerpo en línea de cabeza a pies. Empuja la cadera de abajo hacia el techo en vez de solo aguantar. Si tiembla, está bien; si la cadera se cae, corta el bloque."
Plancha lateral con rodilla al pecho,1,1,Core del corredor,main,strength,,Anti-flexión lateral,sidePlankKnee,,10-12 por lado,"Antebrazo bajo el hombro, cadera arriba y en línea. Ya estable, lleva la rodilla de arriba al pecho y vuelve a extender. La cadera de abajo no baja ni un centímetro."
Plancha lateral con rodillas apoyadas,1,1,Core para el hotel,variant,activation,uni,,,,,"De costado, antebrazo bajo el hombro, rodillas flexionadas y apoyadas. Cuerpo en línea de hombros a rodillas. Empuja la cadera de abajo hacia el techo. Misma línea de tronco, menos palanca."
Plancha lateral dinámica,1,1,Recuperación,main,activation,uni,Sin equipo,sidePlank,Plancha lateral con elevación de pierna,45s,"Antebrazo bajo el hombro, cadera arriba, cuerpo en línea. Baja la cadera hasta rozar el piso y vuelve a subir, lento. Rodillas apoyadas si la versión larga te rompe la línea."
Pogos (saltitos de tobillo),1,1,Aquiles,main,strength,,Sin equipo,pogo,,20,"Saltitos chicos en el lugar, solo desde el tobillo, rodilla casi fija. Contacto corto y que suene poco. No buscas altura: buscas rigidez elástica."
Postura de la rana,1,1,Recuperación,main,activation,bi,Sin equipo,frog,,180s,"Rodillas abiertas en línea con la cadera, tobillos detrás de las rodillas, antebrazos en el piso. Baja hasta el primer punto de tensión y quédate respirando, sin buscar más. El tiempo hace el trabajo. Solo en un día sin sesión — sobre tejido recién entrenado no va."
Postura del niño a cobra,1,1,Core para el hotel,main,activation,bi,Piso,,,,"Siéntate sobre los talones con los brazos adelante; deslízate hacia adelante dejando caer la cadera y abriendo el pecho. Ida y vuelta, respirando. Cierra quedándote en la postura del niño."
Postura del niño con sesgo dorsal,1,1,Hombro del nadador,main,strength,,Sin equipo,childLat,,2 min,"Sentado sobre los talones, brazos adelante. Camina las dos manos bien hacia la izquierda para estirar el dorsal derecho, respira, y después hacia la derecha."
Prensa a una pierna,1,1,Rodillas sin dolor,main,strength,,Prensa,legPress,,10 por pierna,"Un pie en la plataforma, alto y levemente hacia afuera, para cargar glúteo y vasto interno. Controla la bajada; no rebotes abajo. La rodilla viaja en la línea del segundo dedo."
Press de kettlebell invertida,1,1,Hombro del nadador,main,strength,,Kettlebell liviana,bottomsUp,,8 por brazo,"Kettlebell al revés, pesa apuntando al techo, y presiona por arriba. Empieza ridículamente liviana: mantenerla derecha exige del manguito. Ahí se nota si el hombro ya está estable."
Psoas con contracción y suelta,1,1,Recuperación,main,activation,uni,Sin equipo,pnfHip,,90s,"Media rodilla, pelvis metida. Empuja la rodilla de atrás contra el piso al 20% durante 5 segundos, suelta, y avanza un poco. Tres o cuatro ciclos. Ese contraer-y-soltar es lo que gana rango."
Psoas de rodillas,1,1,Activación adaptativa,main,activation,uni,Sin equipo,hipflex,Psoas con apriete de glúteo,45s,"Media rodilla, pie de adelante plano. Mete la pelvis antes de avanzar la cadera. Sin eso estás estirando la lumbar, no el psoas."
Puente a una pierna isométrico,1,1,Core del corredor,main,strength,,Cadena posterior,slBridgeIso,,30-40s por pierna,"Un talón cerca de los glúteos, la otra rodilla al pecho. Sube hasta alinear rodilla, cadera y hombro y quédate. Si lo sientes en la lumbar o en los isquios, mete la pelvis y baja la altura."
Puente de glúteos con banda,1,1,Activación adaptativa,main,activation,bi,Minibanda,bridgeBand,,,"Pies cerca de los glúteos, banda por encima de las rodillas. Sube empujando con los talones y abre las rodillas contra la banda todo el tiempo. Sostén un segundo arriba. Si las rodillas se juntan, el glúteo medio se apagó."
Remo con mancuernas en banco inclinado,1,1,Hombro del nadador,main,strength,,Banco inclinado,inclineRow,,12,"Boca abajo sobre el banco a 30-45°. Rema apretando el medio de la espalda, omóplatos abajo. El banco saca la lumbar de la ecuación."
Remo en el marco de la puerta,1,1,Hombro del nadador,main,strength,,Marco de puerta,doorRow,,12 por brazo,"Agarra el marco con una mano, pies cerca, y déjate caer hacia atrás con el cuerpo derecho. Tracciona. Codo atrás pegado al cuerpo, omóplato abajo. Si sientes el cuello, el trapecio superior te ganó."
Respiración de cierre,1,1,Movilidad,main,activation,bi,Sin equipo,breathClose,,180s,"Boca arriba, rodillas dobladas, una mano en el pecho y otra en el abdomen. Inhala 4 segundos por la nariz al abdomen, exhala 6 por la boca. La exhalación larga es la que baja el sistema. Si quieres un protocolo con timer, tienes Respiración en caja."
Rodilla a la pared,1,1,Recuperación,main,activation,uni,Pared,kneeWall,,45s,"Pie a un palmo de la pared. Toca la pared con la rodilla sin que el talón se despegue. Si llegas fácil, aleja el pie un centímetro y vuelve a probar. Mejora con repeticiones, no con fuerza."
Rodilla al pecho,1,1,Activación adaptativa,main,activation,uni,Sin equipo,kneeChest,,30s,"Boca arriba, trae una rodilla al pecho con la otra pierna extendida en el piso. Si la pierna de abajo se despega, afloja el rango. No tires del cuello."
Rodillo: dorsal,1,1,Hombro del nadador,main,strength,,Rodillo,rollLat,,60-90s por lado,"De costado, rodillo justo debajo de la axila, sobre el costado de las costillas. Cuando un punto se queje, frena y sube y baja el brazo despacio. Ese barrido despega más que seguir rodando."
Rodillo: TFL,1,1,Rodillas sin dolor,main,strength,,Foam roller,rollTFL,,60-90s por lado,"El músculo arriba y adelante de la cadera, donde nace la banda iliotibial. No ruedes la cintilla en el costado del muslo: es tendón, no músculo. Rueda aquí arriba."
Rotación de cuello para respirar,1,1,Activación adaptativa,main,activation,uni,Sin equipo,neckRot,,30s,"Gira la cabeza como si respiraras al costado, despacio, y sostén mirando atrás. Mentón bajo, cerca del hombro. Un cuello rígido levanta la cabeza en vez de rotar."
Rotación externa acostado de costado,1,1,Hombro del nadador,main,strength,,Sin equipo,sideLyingER,,15-20 por brazo,"De costado, brazo de arriba con el codo pegado a las costillas (una toalla abajo ayuda) y flexionado a 90°. Gira el antebrazo hacia el techo. Poco o nada de peso, muchas repeticiones."
Rotación externa con banda,1,1,Hombro del nadador,main,strength,,Banda elástica,bandER,,15-20 por brazo,"Banda atada a un picaporte, de costado. Codo pegado a las costillas con una toalla enrollada abajo. Gira el antebrazo hacia afuera. Si tiras con el cuerpo, la banda es demasiado dura."
Rotación externa con minibanda,1,1,Recuperación,variant,activation,uni,Minibanda,extRotation_v1,,,"Banda anclada a la altura del codo, codo pegado a las costillas. Rota el antebrazo hacia afuera y vuelve más lento de lo que fuiste. Rango corto y controlado."
Rotación externa en polea,1,1,Hombro del nadador,main,strength,,Polea baja,cableER,,15 por brazo,"Polea a la altura del codo, codo pegado, toalla entre codo y costillas. Rota hacia afuera. Peso bajo y sin tirones: aquí no se busca carga, se busca calidad."
Saltos a una pierna,1,1,Aquiles,main,strength,,Sin equipo,slHop,,10 por lado,"Saltitos en el lugar sobre una pierna, aterrizando en el metatarso con la rodilla suave. Si mañana amaneces más rígido que hoy, era demasiado pronto."
Saludo al sol lento,1,1,Recuperación,main,activation,bi,Sin equipo,sunFlow,,240s,"Secuencia lenta, un movimiento por respiración: de pie, manos arriba, pliégate, media elevación, plancha, perro boca abajo, paso adelante, y vuelve. Alterna la pierna que adelanta."
Sentadilla a de pie,1,1,Activación adaptativa,main,activation,bi,Sin equipo,squat2stand,,,"Agárrate las puntas de los pies, hunde la cadera y sube el pecho sin soltar. Después estira las piernas para abrir los isquios. Un ciclo por repetición, lento."
Sentadilla a de pie con banda,1,1,Activación adaptativa,main,activation,bi,Minibanda,squat2standBand,,,"Banda por encima de las rodillas. Agárrate las puntas de los pies, hunde la cadera y sube el pecho sin soltar. Después estira las piernas. Rodillas empujando hacia afuera todo el tiempo."
Sentadilla búlgara,1,1,Rodillas sin dolor,main,strength,,Silla o sillón,bulgarian,,8-12 por pierna,"Pie de atrás sobre una silla, pecho arriba. La rodilla de adelante viaja sobre el segundo dedo, nunca hacia adentro. Si se mete, acorta el rango antes que la técnica."
Sentadilla con alcance al techo,1,1,Activación adaptativa,main,activation,bi,Sin equipo,swimSquat,,,"Baja a sentadilla y al subir estira los brazos al techo, terminando en puntas. Conecta la extensión del tobillo con la apertura del hombro."
Sentadilla cosaca,1,1,Recuperación,main,activation,uni,Sin equipo,cossack,,60s,"Pies bien abiertos. Baja el peso sobre una pierna dejando la otra estirada con la punta arriba. Pecho alto, talón de la pierna que baja pegado al piso. No llegues hasta abajo si la espalda se redondea."
Sentadilla profunda sostenida,1,1,Recuperación,main,activation,bi,Sin equipo,deepSquatHold,,120s,"Abajo del todo, talones en el piso, codos por dentro de las rodillas empujando suave hacia afuera. Muévete adentro de la postura. Si los talones se levantan, apóyalos sobre algo."
Simulación de agarre con banda,1,1,Activación adaptativa,main,activation,bi,Banda larga,catchSim,,,"Banda anclada a media altura o pisada. Inclínate un poco adelante y empuja hacia los muslos con el brazo largo y el codo alto. Buscas recordar la presión, no corregir la técnica."
Skip A lento,1,1,Activación adaptativa,main,activation,alt,Sin equipo,aSkip,,,"Rodilla a la altura de la cadera, pie de apoyo firme, brazos de carrera. Postura alta y contacto corto. Es técnica, no cardio: si te desarmas, achica el ritmo."
Skipping bajo,1,1,Aquiles,main,strength,,Sin equipo,skip,,30s,"Skipping suave en el lugar o avanzando. Rebote rápido, apoyo de metatarso, sin machacar el talón. Si el tendón habla, se corta el bloque."
Sóleo en pared,1,1,Movilidad,main,activation,uni,Pared,calfWall,,45s,"Punta del pie contra la pared, talón en el piso. Lleva la rodilla hacia la pared manteniéndola flexionada. Rodilla doblada es sóleo. Si lo sientes en el vientre del gemelo, dobla más la rodilla."
Step-down excéntrico,1,1,Rodillas sin dolor,main,strength,,Escalón,stepDown,,10 por pierna,"De pie en un escalón, baja el otro pie hacia el piso en 3-4 segundos y sube rápido. La lentitud de la bajada es todo el ejercicio. Rodilla sobre el segundo dedo."
Tensor y vasto externo con rodillo,1,1,Movilidad,variant,activation,uni,Rodillo,itCross_v1,,,"Rodillo justo debajo del hueso de la cadera por fuera, después en el lateral del muslo, arriba y adelante. Presión moderada y lenta. No ruedes la cintilla: es tendón, y se inflama."
Tobillos y empeine,1,1,Movilidad,main,activation,bi,Sin equipo,ankleKick,,45s,"Sentado sobre los talones con los empeines planos en el piso. Sube apenas las rodillas para cargar el empeine. Después, círculos amplios de tobillo."
Toques de talón (pingüinos),1,1,Core para el hotel,main,activation,alt,Boca arriba,,,,"Rodillas flexionadas, pies apoyados, omóplatos apenas despegados y ahí se quedan. Inclínate a un lado hasta tocar el talón, después al otro. Rango corto y rápido. Si la cabeza se apoya entre reps, el estímulo se corta."
Tríceps y dorsal por encima de la cabeza,1,1,Movilidad,main,activation,uni,Sin equipo,tricep,,30s,"Codo arriba junto a la oreja, mano entre los omóplatos. Empuja suave el codo con la otra mano. Costillas abajo: si la lumbar se arquea, ganaste rango con la espalda y no con el hombro."
Y-T-W con banda,1,1,Recuperación,variant,activation,bi,Banda larga,ytwl_v1,,,"De pie, banda al frente. Misma secuencia Y, T y W contra resistencia baja. Muchas repeticiones, poca tensión. Escápulas abajo, nunca hacia las orejas."
Zancada atrás con rodilla arriba,1,1,Rodillas sin dolor,main,strength,,Sin equipo,revLunge,,12 por pierna,"Paso atrás a la zancada y, sin pausa, sube esa rodilla al pecho en un solo movimiento. La mitad del ejercicio es no tambalearte al subir. Rodilla de adelante en la línea del segundo dedo."
Zancada baja con rotación,1,1,Core para el hotel,variant,activation,uni,,,,,"Zancada con la rodilla de atrás apoyada, mano de adentro al piso junto al pie. Rota el tronco y abre el brazo de arriba hacia el techo, siguiendo la mano con la mirada."
Zancada con manos en el piso,1,1,Core para el hotel,variant,activation,uni,,,,,"Zancada profunda, las dos manos al piso por dentro del pie de adelante. Sin rotación: deja caer la cadera y respira. Pecho alto, rodilla de atrás suave."
Zancada inversa con rotación,1,1,Core del corredor,main,strength,,Rotación · integración bípeda,lungeRot,,10-12 por pierna,"Paso atrás a zancada. Abajo, brazos al frente, rota el tronco hacia la pierna de adelante, vuelve al centro y sube. La rodilla de adelante no se mete."
Zancada spiderman con rotación,1,1,Recuperación,main,activation,uni,Sin equipo,spiderman,,60s,"Desde plancha, lleva el pie por fuera de la mano del mismo lado. Baja el codo hacia el piso y desde ahí abre el brazo al techo. Varias repeticiones lentas por lado, no una sola sostenida."
