artifact_slug,artifact,engine,exercise_id,type,parent_exercise,phase,name,mode,tag,sets,reps,rest_s,hold_s,routine_refs,variant_count,video,cue
activacion,Activación adaptativa,activation,floss,main,,,Deslizamiento neural,uni,Sin equipo,,,,30,4,0,,"Acostado, rodilla al pecho y extiende la pierna hacia el techo mientras llevas la punta del pie hacia ti; suelta y repite, lento. No es un estiramiento: no busques tensión, buscas que el nervio deslice. Si tira fuerte, achica el rango."
activacion,Activación adaptativa,activation,fig4,main,,,Figura 4,uni,Sin equipo,,,,45,8,0,,"Cruza un tobillo sobre la rodilla contraria y trae la pierna de abajo hacia el pecho. Empieza por el lado que sientes más rígido — casi todos tenemos uno, y ese es el que necesita los segundos."
activacion,Activación adaptativa,activation,bridge,main,,,Puente de glúteos,bi,Sin equipo,,,,,4,0,,"Pies cerca de los glúteos. Sube la cadera empujando con los talones y aprieta los glúteos arriba un segundo. Baja controlado, sin arquear la lumbar."
activacion,Activación adaptativa,activation,bridgeBand,main,,,Puente de glúteos con banda,bi,Minibanda,,,,,4,0,,"Banda por encima de las rodillas. Mismo movimiento, pero empuja las rodillas hacia afuera contra la banda todo el tiempo — ahí es donde entra el glúteo medio."
activacion,Activación adaptativa,activation,deadbug,main,,,Dead bug,alt,Sin equipo,,,,,3,0,,"Lumbar pegada al piso. Extiende brazo y pierna contrarios sin que la espalda se despegue. Lento — el objetivo es control, no velocidad."
activacion,Activación adaptativa,activation,deadbugBand,main,,,Dead bug con banda,alt,Minibanda,,,,,3,0,,"Banda por encima de las rodillas, presión hacia afuera constante. Extiende brazo y pierna contrarios sin dejar que la banda gane y sin despegar la lumbar."
activacion,Activación adaptativa,activation,catcow,main,,,Gato-camello,bi,Sin equipo,,,,,8,0,,"En cuadrupedia, alterna redondear y arquear la columna al ritmo de la respiración. Muévete vértebra por vértebra, no en bloque."
activacion,Activación adaptativa,activation,kneeChest,main,,,Rodilla al pecho,uni,Sin equipo,,,,30,4,0,,"Acostado, trae una rodilla al pecho con la otra pierna extendida en el piso. Si la pierna de abajo se despega, la cadera está corta — bájala y afloja el rango."
activacion,Activación adaptativa,activation,twist,main,,,Torsión espinal,uni,Sin equipo,,,,45,4,0,,"Acostado, lleva una rodilla cruzada al otro lado con los brazos abiertos y la mirada al lado opuesto. El hombro no se despega del piso — suelta con cada exhalación."
activacion,Activación adaptativa,activation,hamTowel,main,,,Isquios con toalla,uni,Toalla o cinta,,,,45,2,0,,"Toalla en la planta del pie, pierna extendida hacia el techo. Tira desde la toalla, no desde el cuello. La otra pierna queda apoyada en el piso."
activacion,Activación adaptativa,activation,child,main,,,Postura del niño con alcance lateral,uni,Sin equipo,,,,45,4,0,,"Sentado sobre los talones, camina las manos hacia un costado hasta sentir el dorsal. La cadera se queda atrás, no la sigas con el tronco."
activacion,Activación adaptativa,activation,hipflex,main,,,Psoas de rodillas,uni,Sin equipo,,,,45,4,0,,"Media rodilla, pie de adelante plano. Mete la pelvis (glúteos por debajo) antes de avanzar — sin eso estás estirando la lumbar, no el psoas."
activacion,Activación adaptativa,activation,hipflexSqueeze,main,,,Psoas con apriete de glúteo,uni,Sin equipo,,,,45,4,0,,"Misma posición, pero aprieta fuerte el glúteo de la pierna de atrás y sostén. Ese apriete es lo que apaga el psoas y lo deja estirar de verdad. Es la clave del ejercicio."
activacion,Activación adaptativa,activation,wgs,main,,,El mejor estiramiento del mundo,uni,Sin equipo,,,,45,4,0,,"Estocada larga, mano de adentro al piso junto al pie, y abre el pecho rotando el brazo de arriba hacia el techo. Cadera, aductor y torácica en un solo movimiento."
activacion,Activación adaptativa,activation,hipCircles,main,,,Círculos de cadera,uni,Sin equipo,,,,,4,0,,"Parado en una pierna, rodilla levantada, dibuja círculos amplios hacia adelante y hacia atrás. El tronco no se mueve — solo la cadera."
activacion,Activación adaptativa,activation,swingFB,main,,,Balanceo de pierna (frontal),uni,Pared de apoyo,,,,,8,0,,Apóyate en una pared y balancea la pierna adelante y atrás. Aumenta el rango poco a poco — arrancar en el rango máximo es cómo se tira un isquio antes de correr.
activacion,Activación adaptativa,activation,swingLat,main,,,Balanceo lateral de pierna,uni,Pared de apoyo,,,,,4,0,,"De frente a la pared, cruza la pierna de lado a lado por delante del cuerpo. Abre aductores y glúteo medio."
activacion,Activación adaptativa,activation,latRaise,main,,,Elevación lateral de pierna,uni,Sin equipo,,,,,1,0,,"De pie o de costado, sube la pierna al lateral con el pie apuntando levemente hacia abajo. Rango medio, sin impulso — si el tronco se inclina, bajaste el rango."
activacion,Activación adaptativa,activation,latRaiseBand,main,,,Elevación lateral con banda,uni,Minibanda,,,,,1,0,,"Banda en los tobillos. Mismo movimiento contra resistencia. El tronco se queda vertical — el glúteo medio trabaja, no la lumbar."
activacion,Activación adaptativa,activation,calf,main,,,Elevación de talones,bi,Sin equipo,,,,,6,0,,Sube lento hasta la punta del pie y baja más lento todavía. La bajada es el ejercicio.
activacion,Activación adaptativa,activation,squat2stand,main,,,Sentadilla a de pie,bi,Sin equipo,,,,,2,0,,"Agárrate las puntas de los pies, hunde la cadera hasta abajo y sube el pecho sin soltar los pies. Después estira las piernas para estirar isquios. Un ciclo por repetición, lento."
activacion,Activación adaptativa,activation,squat2standBand,main,,,Sentadilla a de pie con banda,bi,Minibanda,,,,,2,0,,"Banda por encima de las rodillas. Mismo movimiento, rodillas empujando hacia afuera todo el descenso — no dejes que se junten al subir."
activacion,Activación adaptativa,activation,aSkip,main,,,Skip A lento,alt,Sin equipo,,,,,4,0,,"Rodilla a la altura de la cadera, pie de apoyo firme, brazos de carrera. Postura alta y contacto corto — es técnica, no cardio."
activacion,Activación adaptativa,activation,march,main,,,Marcha con rodilla alta,alt,Sin equipo,,,,,3,0,,"Rodilla arriba, pie del suelo activo, tronco erguido. Sin balancearte hacia atrás para levantar más — esa es la trampa."
activacion,Activación adaptativa,activation,marchBand,main,,,Marcha con rodilla alta y banda,alt,Minibanda,,,,,1,0,,"Banda en los tobillos. Misma marcha contra resistencia, despacio en la bajada: la banda quiere devolverte el pie al piso y ahí es donde se pierde el control."
activacion,Activación adaptativa,activation,ankle,main,,,Círculos de tobillo + elevación,bi,Sin equipo,,,,,1,0,,"Diez círculos en cada dirección con cada pie, y después elevaciones de talón lentas. El tobillo es la primera articulación que toca el piso — si está dormido, todo lo de arriba compensa."
activacion,Activación adaptativa,activation,ankleBand,main,,,Círculos de tobillo + elevación con banda,bi,Minibanda,,,,,1,0,,"Círculos primero, después elevaciones con la banda en los tobillos para resistir la subida. Bajada lenta y completa."
activacion,Activación adaptativa,activation,armCircles,main,,,Círculos de brazos completos,bi,Sin equipo,,,,,6,0,,"De pie, abdomen firme para no arquear la lumbar. Círculos amplios hacia atrás pasando el bíceps cerca de la oreja, y después hacia adelante. Lentos y controlados: esto lubrica el hombro en los mismos planos en los que va a trabajar, no es cardio."
activacion,Activación adaptativa,activation,swimSquat,main,,,Sentadilla con alcance al techo,bi,Sin equipo,,,,,3,0,,"Baja a sentadilla profunda y al subir estira los brazos al techo, terminando en puntas de pie. Conecta la extensión del tobillo con la apertura del hombro — y es lo que más rápido te sube la temperatura si la piscina está fría."
activacion,Activación adaptativa,activation,neckRot,main,,,Rotación de cuello para respirar,uni,Sin equipo,,,,30,3,0,,"Gira la cabeza como si respiraras al costado, despacio, y sostén mirando atrás. El mentón se queda bajo, cerca del hombro. Un cuello rígido después de un día de escritorio es por qué la cabeza se levanta en vez de rotar — y levantar la cabeza hunde la cadera."
activacion,Activación adaptativa,activation,threadNeedle,main,,,Rotación torácica en cuadrupedia,uni,Sin equipo,,,,30,6,0,,"En cuatro puntos, una mano detrás de la cabeza. Lleva el codo hacia la rodilla contraria y después abre rotando el torso, siguiendo el codo con la mirada. La cadera se queda cuadrada — si se va contigo, estás rotando desde la lumbar y no desde la espalda alta, que es la que te falta para respirar."
activacion,Activación adaptativa,activation,ytw,main,,,Y-T-W boca abajo,bi,Sin equipo,,,,45,6,0,,"Boca abajo, frente apoyada, pulgares al techo. Despega los brazos en Y, después en T (en cruz), después en W (codos a 90° junto a las costillas juntando las escápulas). Las escápulas van hacia abajo, nunca hacia las orejas: si te encoges, el trabajo se lo lleva el trapecio superior."
activacion,Activación adaptativa,activation,swimStreamline,main,,,Plancha en tensión de streamline,bi,Sin equipo,,,,40,6,0,,"Plancha alta. Mete la pelvis, aprieta el abdomen al máximo y alinéate como una flecha, con la cabeza neutra mirando al piso y no al frente. Es el tono que evita que la cadera se hunda en crol y mariposa. Una sola vez, bien hecha."
activacion,Activación adaptativa,activation,ankleSwim,main,,,Tobillos para la patada,bi,Sin equipo,,,,40,6,0,,"Sentado con las piernas estiradas, apunta las puntas de los pies lo más lejos que puedas y sostén, después círculos amplios. Si vienes de correr, este es tu punto débil en el agua: un tobillo rígido no empuja, frena."
activacion,Activación adaptativa,activation,childSwim,main,,,Postura del niño con alcance lateral,uni,Sin equipo,,,,30,3,0,,"Sentado sobre los talones, camina las manos hacia un costado hasta sentir el dorsal. El dorsal es lo que te enrolla el hombro hacia adelante — soltarlo antes de nadar te devuelve rango de brazada gratis."
activacion,Activación adaptativa,activation,pullApart,main,,,Aperturas con banda,bi,Banda larga,,,,,4,0,,"Banda al frente, brazos estirados a la altura de los hombros, separa las manos juntando las escápulas. Resistencia baja y muchas repeticiones — activa el manguito posterior, que es el que protege el hombro en la fase de recobro."
activacion,Activación adaptativa,activation,catchSim,main,,,Simulación de agarre con banda,bi,Banda larga,,,,,4,0,,"Banda anclada a media altura o pisada. Inclínate un poco adelante y empuja hacia los muslos con el brazo largo y el codo alto. Buscas recordar la presión, no corregir la técnica: es para llegar al agua con el gesto despierto, y la técnica se trabaja en el agua con tu entrenador de natación."
activacion,Activación adaptativa,activation,bandOverhead,main,,,Pasada de banda por encima,bi,Banda larga,,,,,2,0,,"Agarre bien ancho, brazos estirados, pasa la banda de adelante hacia atrás por encima de la cabeza. La banda cede donde el bastón no. Frena apenas se te abran las costillas o se te suban los hombros — hasta ahí llega tu rango de hoy."
activacion,Activación adaptativa,activation,stickPass,main,,,Pasada de bastón (con tope),bi,Bastón o palo,,,,45,2,0,,"Agarre muy ancho, brazos estirados, pasa el bastón de los muslos a la espalda baja y vuelve. Esto no es un concurso de flexibilidad: detente donde se te abran las costillas, se te arquee la lumbar o se te suban los hombros. El frente del hombro de un nadador suele estar de sobra suelto; lo que buscas aquí es la espalda alta, no ganar rango adelante. Si tienes que forzar, achica el agarre."
activacion,Activación adaptativa,activation,dryStroke,main,,,Brazada en seco,bi,Sin equipo,,,,,2,0,,"Inclínate un poco adelante y haz el gesto de la brazada despacio, con el codo alto y el brazo largo. Es para llegar al agua con el gesto despierto, no para corregir nada: la técnica se trabaja en el agua."
core,Core para el hotel,activation,,main,,Activación,Dead bug,alt,Boca arriba,,,,,,2,,"Boca arriba, brazos al techo y rodillas a 90°. Extiende brazo y pierna contrarios, lentos, sin que la lumbar se despegue del piso. Exhala fuerte mientras la pierna se extiende — es la exhalación la que aplana la espalda contra el suelo, no la fuerza abdominal. Si la lumbar se levanta, baja menos la pierna."
core,Core para el hotel,activation,,variant,Dead bug,Activación,Dead bug isométrico,bi,,,,,,,0,,"Brazos y rodillas a 90°, empuja las manos contra las rodillas y sostén la tensión respirando normal. La regresión correcta si la lumbar no se queda quieta."
core,Core para el hotel,activation,,variant,Dead bug,Activación,Descenso de piernas,alt,,,,,,,0,,"Sin brazos: piernas a 90°, baja una por vez hasta rozar el piso con el talón, siempre con la lumbar apoyada."
core,Core para el hotel,activation,,main,,Activación,Toques de talón (pingüinos),alt,Boca arriba,,,,,,2,,"Rodillas flexionadas, pies apoyados, omóplatos apenas despegados del piso y ahí se quedan todo el bloque. Inclínate a un lado hasta tocar el talón con la mano, después al otro. Rango corto y rápido: son oblicuos, no abdominales de revista. Si la cabeza se apoya entre repetición y repetición, el estímulo se corta."
core,Core para el hotel,activation,,variant,Toques de talón (pingüinos),Activación,Crunch corto,bi,,,,,,,0,,"Manos detrás de la cabeza sin tirar del cuello, despega solo los omóplatos. Rango corto, tensión constante."
core,Core para el hotel,activation,,variant,Toques de talón (pingüinos),Activación,Bicicleta lenta,alt,,,,,,,0,,"Codo hacia la rodilla contraria mientras la otra pierna se extiende sin tocar el piso. Lento, con rotación real del tronco."
core,Core para el hotel,activation,,main,,Activación,Puente de glúteos,bi,Boca arriba,,,,,,2,,"Pies apoyados cerca de los glúteos. Sube la cadera empujando con los talones y pausa dos segundos arriba apretando los glúteos con ganas — la pausa es el ejercicio, el movimiento es solo cómo llegas ahí. Busca abrir el frente de la cadera, que es lo que el avión y la silla te cerraron. Si lo sientes en los isquios, acerca los pies."
core,Core para el hotel,activation,,variant,Puente de glúteos,Activación,Puente a una pierna,uni,,,,,,,0,,"Una pierna extendida en el aire, la otra empuja. La pelvis no debe caer hacia ningún lado."
core,Core para el hotel,activation,,variant,Puente de glúteos,Activación,Puente con marcha,alt,,,,,,,0,,Cadera arriba y fija; despega un pie por vez sin que la pelvis se mueva.
core,Core para el hotel,activation,,main,,Activación,Gato-vaca,bi,Cuadrupedia,,,,,,2,,"En cuadrupedia. Exhala redondeando la espalda, inhala arqueándola, lento. Muévete desde la pelvis y deja que la columna la siga vértebra por vértebra — la mayoría hace lo contrario y solo mueve el cuello y los hombros. Rango cómodo, no máximo: acabas de levantarte."
core,Core para el hotel,activation,,variant,Gato-vaca,Activación,Gato-vaca sentado,bi,,,,,,,0,,"Sentado al borde de la cama, manos en las rodillas, misma secuencia. Si el piso no es opción."
core,Core para el hotel,activation,,variant,Gato-vaca,Activación,Thread the needle,uni,,,,,,,0,,"Desde cuadrupedia, pasa un brazo por debajo del cuerpo hasta apoyar el hombro, y vuelve abriendo hacia el techo."
core,Core para el hotel,activation,,main,,Activación,Bird dog,alt,Cuadrupedia,,,,,,2,,"Extiende brazo y pierna contrarios hasta la línea del tronco y sostén dos segundos ahí. La cadera queda cuadrada al piso: si se abre hacia un costado, bajaste el estándar del ejercicio para poder estirar más. Imagina un vaso de agua apoyado en la lumbar que no se puede volcar."
core,Core para el hotel,activation,,variant,Bird dog,Activación,Bird dog isométrico,uni,,,,,,,0,,"Misma posición extendida, sostenida todo el bloque. Menos coordinación, más tensión."
core,Core para el hotel,activation,,variant,Bird dog,Activación,Bird dog codo-rodilla,alt,,,,,,,0,,"Entre repeticiones, junta codo y rodilla debajo del cuerpo antes de volver a extender."
core,Core para el hotel,activation,,main,,Core,Plancha alta con toque de hombro,alt,Boca abajo,,,,,,2,,"Plancha alta con los pies bien separados — cuanto más juntos, más difícil de estabilizar. Toca el hombro contrario con una mano y vuelve. El objetivo no es tocar rápido: es que la cadera no se mueva ni un centímetro, ni de lado ni rotando. Si la cadera baila, separa más los pies o apoya las rodillas."
core,Core para el hotel,activation,,variant,Plancha alta con toque de hombro,Core,Plancha alta isométrica,bi,,,,,,,0,,Sostén la plancha alta empujando el piso con las manos y la espalda ancha. Sin movimiento.
core,Core para el hotel,activation,,variant,Plancha alta con toque de hombro,Core,Plancha con rodillas apoyadas,alt,,,,,,,0,,"Mismo toque de hombro, con las rodillas en el piso. La regresión correcta, no una versión menor."
core,Core para el hotel,activation,,main,,Core,Plancha lateral,uni,De costado,,,,,,2,,"Codo debajo del hombro, cuerpo en línea de cabeza a pies. Empuja la cadera de abajo hacia el techo en lugar de solo aguantar la posición — es la diferencia entre sostener y trabajar. Si tiembla, está bien; si la cadera se cae, corta el bloque antes."
core,Core para el hotel,activation,,variant,Plancha lateral,Core,Plancha lateral con rodillas apoyadas,uni,,,,,,,0,,"Rodillas flexionadas y apoyadas. Misma línea de tronco, menos palanca."
core,Core para el hotel,activation,,variant,Plancha lateral,Core,Plancha lateral + elevación de pierna,uni,,,,,,,0,,"En plancha lateral, sube y baja la pierna de arriba controlado. Suma glúteo medio."
core,Core para el hotel,activation,,main,,Core,Plancha alta a perro boca abajo,bi,Boca abajo,,,,,,2,,"Desde la plancha alta, empuja la cadera arriba y atrás hasta el perro boca abajo, buscando talones al piso, y vuelve. Es el puente entre el core y la movilidad: estira gemelos e isquios sin dejar de pedirle tensión al tronco. Rodillas apenas flexionadas si los isquios están duros — la espalda recta manda sobre las piernas estiradas."
core,Core para el hotel,activation,,variant,Plancha alta a perro boca abajo,Core,Perro boca abajo sostenido,bi,,,,,,,0,,"Quédate en el perro boca abajo todo el bloque, pedaleando suave con los talones."
core,Core para el hotel,activation,,variant,Plancha alta a perro boca abajo,Core,Plancha alta a rodillas,bi,,,,,,,0,,"Desde la plancha alta, baja a rodillas y vuelve. Si el hombro molesta en el perro boca abajo."
core,Core para el hotel,activation,,main,,Movilidad,World's greatest stretch,uni,De pie a zancada,,,,,,2,,"Zancada profunda con el pie adelantado por fuera de la mano. Baja el codo de adentro hacia el piso, aguanta un segundo, y después rota ese brazo abriendo hacia el techo siguiendo la mano con la mirada. Es la mejor transición que existe hacia los estiramientos profundos: mueve cadera, columna torácica y tobillo en un solo gesto."
core,Core para el hotel,activation,,variant,World's greatest stretch,Movilidad,Zancada baja con rotación,uni,,,,,,,0,,"Rodilla de atrás apoyada, misma rotación de tronco. Menos exigente para el equilibrio."
core,Core para el hotel,activation,,variant,World's greatest stretch,Movilidad,Zancada con manos en el piso,uni,,,,,,,0,,"Sin rotación: quédate en la zancada profunda con las dos manos apoyadas, dejando caer la cadera."
core,Core para el hotel,activation,,main,,Movilidad,Barridos 90-90 de cadera,alt,Sentado,,,,,,2,,"Sentado, una pierna a 90° adelante y la otra a 90° al costado. Lleva las rodillas de un lado al otro como un limpiaparabrisas, lento. El pecho se mantiene alto: en cuanto te encorvas, el movimiento sale de la lumbar en vez de la cadera y deja de servir. Ayúdate con las manos atrás si hace falta."
core,Core para el hotel,activation,,variant,Barridos 90-90 de cadera,Movilidad,90-90 sostenido,uni,,,,,,,0,,"Quédate en la posición 90-90 de un lado, pecho alto, inclinándote suave hacia adelante."
core,Core para el hotel,activation,,variant,Barridos 90-90 de cadera,Movilidad,Mariposa sentado,bi,,,,,,,0,,"Plantas de los pies juntas, rodillas hacia afuera, inclinación suave hacia adelante desde la cadera."
core,Core para el hotel,activation,,main,,Movilidad,Paloma (pigeon),uni,Piso,,,,60,,2,,"Pierna de adelante flexionada cruzada bajo el cuerpo, pierna de atrás estirada y alineada, no abierta al costado. Presiona activamente la espinilla de adelante contra el piso en vez de derrumbarte encima. Sesenta segundos: el glúteo y el piriforme necesitan tiempo, no fuerza. Si la rodilla molesta, pon una almohada bajo la cadera."
core,Core para el hotel,activation,,variant,Paloma (pigeon),Movilidad,Figura 4 acostado,uni,,,,,,,0,,"Boca arriba, cruza el tobillo sobre la rodilla contraria y trae el muslo al pecho. Mismo objetivo, cero carga en la rodilla."
core,Core para el hotel,activation,,variant,Paloma (pigeon),Movilidad,Figura 4 sentado,uni,,,,,,,0,,"Sentado al borde de la cama, tobillo sobre la rodilla contraria, inclinación suave hacia adelante."
core,Core para el hotel,activation,,main,,Movilidad,Couch stretch (con la cama),uni,Cama o pared,,,,60,,2,,"Rodilla en el piso contra la base de la cama y el empeine apoyado arriba; la otra pierna adelante en zancada. El mejor abridor de flexores de cadera y cuádriceps que existe. Aprieta el glúteo de la pierna estirada — sin eso, la pelvis rota y el estiramiento se lo lleva la lumbar en vez del psoas. Sesenta segundos por lado y vas a sentir el viaje entero salir de ahí."
core,Core para el hotel,activation,,variant,Couch stretch (con la cama),Movilidad,Zancada baja con glúteo activo,uni,,,,,,,0,,"Sin apoyar el pie en la cama: zancada baja, rodilla atrás en el piso, glúteo apretado, cadera adelante."
core,Core para el hotel,activation,,variant,Couch stretch (con la cama),Movilidad,Cuádriceps de pie,uni,,,,,,,0,,"Parado, talón al glúteo, rodillas juntas y pelvis metida. Si el piso no es opción."
core,Core para el hotel,activation,,main,,Movilidad,Postura del niño a cobra,bi,Piso,,,,,,2,,"Flujo lento: siéntate sobre los talones con los brazos estirados adelante, después deslízate hacia adelante dejando caer la cadera al piso y abriendo el pecho. Ida y vuelta, respirando. Cierra la rutina moviendo toda la columna en los dos sentidos — termina quedándote en la postura del niño hasta que suene el timer."
core,Core para el hotel,activation,,variant,Postura del niño a cobra,Movilidad,Postura del niño sostenida,bi,,,,,,,0,,"Sentado sobre los talones, brazos estirados adelante, frente apoyada. Sin flujo, solo respirar."
core,Core para el hotel,activation,,variant,Postura del niño a cobra,Movilidad,Cobra sostenida,bi,,,,,,,0,,"Boca abajo, manos bajo los hombros, pecho arriba y cadera en el piso. Si lo que necesitas es extensión."
movilidad,Movilidad,activation,calfWall,main,,,Sóleo en pared,uni,Pared,,,,45,5,1,,"Punta del pie contra la pared, talón en el piso, y lleva la rodilla hacia la pared manteniéndola flexionada. Rodilla doblada es sóleo, y el sóleo es el que se come la carga cuando corres. Si lo sientes en la vientre del gemelo, dobla más la rodilla."
movilidad,Movilidad,activation,calfWall_v1,variant,Sóleo en pared,,Gemelos con rodillo,uni,Rodillo,,,,,,0,,"Sentado, el gemelo sobre el rodillo y la otra pierna cruzada encima para cargar. Párate 20 segundos en el punto que más se queja en vez de ir y venir rápido."
movilidad,Movilidad,activation,calfGastro,main,,,Gemelo en pared,uni,Pared,,,,45,1,0,,"Misma posición, pero ahora con la rodilla estirada y el talón clavado en el piso. Rodilla derecha es gemelo. Cadera adelante y tronco erguido — si te vas de espaldas, perdiste el estiramiento."
movilidad,Movilidad,activation,hamSupine,main,,,Isquios boca arriba,uni,Sin equipo,,,,45,4,1,,"Agárrate por detrás del muslo y estira la rodilla hasta donde llegue sin que la cadera se despegue del piso. La otra pierna queda apoyada. La punta del pie hacia ti solo al final, no desde el principio."
movilidad,Movilidad,activation,hamSupine_v1,variant,Isquios boca arriba,,Isquios con toalla,uni,Toalla,,,,,,0,,"Toalla en la planta del pie, pierna extendida hacia el techo. Tira desde la toalla, no desde el cuello."
movilidad,Movilidad,activation,fig4,main,,,Figura 4 boca arriba,uni,Sin equipo,,,,45,5,1,,Cruza un tobillo sobre la rodilla contraria y trae la pierna de abajo hacia el pecho. Empuja suave la rodilla cruzada hacia afuera con el codo. Empieza por el lado que sientes más rígido.
movilidad,Movilidad,activation,fig4_v1,variant,Figura 4 boca arriba,,Glúteo con pelota,uni,Pelota,,,,,,0,,"Sentado sobre la pelota, busca el punto del glúteo que se queja y quédate quieto ahí respirando en vez de rodar. Cruza el tobillo sobre la rodilla para llegar más profundo."
movilidad,Movilidad,activation,psoas,main,,,Psoas de rodillas con apriete,uni,Sin equipo,,,,45,5,0,,"Media rodilla, pie de adelante plano. Mete la pelvis y aprieta fuerte el glúteo de atrás antes de avanzar — sin ese apriete estás estirando la lumbar y no el psoas. Ese apriete es el ejercicio."
movilidad,Movilidad,activation,quadSide,main,,,Cuádriceps de costado,uni,Sin equipo,,,,45,4,2,,"De costado, agarra el tobillo de arriba y lleva el talón al glúteo con la pelvis metida y la rodilla apuntando al piso, no abierta hacia afuera. Si la lumbar se arquea, afloja el rango."
movilidad,Movilidad,activation,quadSide_v1,variant,Cuádriceps de costado,,Cuádriceps con rodillo,uni,Rodillo,,,,,,0,,"Boca abajo, el muslo sobre el rodillo, del pliegue de la cadera hasta arriba de la rodilla. Presión media: si tienes que aguantar la respiración, es demasiada."
movilidad,Movilidad,activation,quadSide_v2,variant,Cuádriceps de costado,,Couch stretch en pared,uni,Pared,,,,,,0,,"De rodillas de espaldas a la pared, el empeine apoyado en ella. Mete la pelvis antes de subir el tronco — casi nadie necesita subir tanto como cree."
movilidad,Movilidad,activation,itCross,main,,,Cruce de cadera externa,uni,Sin equipo,,,,45,3,1,,"Boca arriba, lleva una rodilla cruzada al lado opuesto dejando que la pelvis rote con ella, brazos abiertos. Buscas el tensor y el glúteo, por fuera de la cadera. La cintilla iliotibial no se estira ni se ablanda a golpes: lo que se afloja es lo que tira de ella."
movilidad,Movilidad,activation,itCross_v1,variant,Cruce de cadera externa,,Tensor y vasto externo con rodillo,uni,Rodillo,,,,,,0,,"El rodillo justo debajo del hueso de la cadera por fuera, y después en el lateral del muslo. Presión moderada y lenta. No busques la cintilla: busca el músculo de arriba y el de adelante-afuera."
movilidad,Movilidad,activation,adductor,main,,,Estocada lateral en media rodilla,uni,Sin equipo,,,,45,5,0,,"De rodillas, una pierna estirada al costado con el pie apoyado, y lleva la cadera hacia atrás y hacia el lado contrario. Espalda larga. Es el aductor largo, que en carrera y en bici trabaja mucho más de lo que nadie cree."
movilidad,Movilidad,activation,butterfly,main,,,Mariposa,bi,Sin equipo,,,,60,4,0,,"Plantas de los pies juntas, y inclínate desde la cadera con la espalda larga — no redondees para llegar más abajo, que es puro engaño. Los codos pueden empujar suave las rodillas."
movilidad,Movilidad,activation,footArch,main,,,Arco y dedos del pie,uni,Sin equipo,,,,45,3,1,,"Sentado sobre los talones con los dedos de los pies flexionados hacia adelante — si es mucho, apoya las manos y saca peso. Después abre y cierra los dedos. La fascia plantar se endurece después de correr y nadie la toca hasta que duele."
movilidad,Movilidad,activation,footArch_v1,variant,Arco y dedos del pie,,Fascia plantar con pelota,uni,Pelota,,,,,,0,,"Rueda la planta del pie sobre la pelota, del talón a los dedos, lento, frenando en los puntos que se quejan. Presión que puedas sostener respirando normal."
movilidad,Movilidad,activation,ankleKick,main,,,Tobillos y empeine,bi,Sin equipo,,,,45,3,1,,"Sentado sobre los talones con los empeines planos en el piso, y sube apenas las rodillas para cargar el empeine. Después, círculos amplios de tobillo. Si vienes de nadar, un tobillo que no apunta frena la patada; si vienes de correr, es el que se te puso duro."
movilidad,Movilidad,activation,ankleKick_v1,variant,Tobillos y empeine,,Empeine y tibial con rodillo,bi,Rodillo,,,,,,0,,"En cuadrupedia, el rodillo sobre la parte de adelante de la tibia, y rueda despacio de la rodilla al tobillo. Zona sensible: menos presión de la que crees."
movilidad,Movilidad,activation,childPose,main,,,Postura del niño,bi,Sin equipo,,,,60,4,0,,"Sentado sobre los talones, brazos largos adelante, frente al piso. Respira hacia la espalda baja y deja que la cadera baje un poco más con cada exhalación. Aquí el objetivo es bajar pulsaciones, no estirar más."
movilidad,Movilidad,activation,childReach,main,,,Niño con alcance lateral,uni,Sin equipo,,,,45,5,0,,"Desde la postura del niño, camina las manos hacia un costado hasta sentir el dorsal por el lateral del tronco. La cadera se queda atrás, no la sigas con el tronco."
movilidad,Movilidad,activation,twist,main,,,Torsión boca arriba,uni,Sin equipo,,,,45,5,0,,"Rodilla cruzada al lado opuesto, brazos abiertos, mirada al lado contrario. El hombro no se despega del piso — si se despega, baja la rodilla. Suelta un poco más en cada exhalación."
movilidad,Movilidad,activation,sphinx,main,,,Esfinge suave,bi,Sin equipo,,,,60,4,0,,"Boca abajo, codos debajo de los hombros, pelvis pesada en el piso. Es una extensión suave y sostenida, no una cobra. Si te aprieta la lumbar, lleva los codos más adelante hasta que deje de apretar."
movilidad,Movilidad,activation,openBook,main,,,Libro abierto,uni,Sin equipo,,,,45,3,0,,"De costado, rodillas flexionadas y apiladas, brazos juntos adelante. Abre el brazo de arriba siguiendo la mano con la mirada, y deja las rodillas quietas. Si las rodillas se separan, la rotación se te fue a la lumbar."
movilidad,Movilidad,activation,catcow,main,,,Gato-camello,bi,Sin equipo,,,,45,3,0,,"En cuadrupedia, alterna redondear y arquear al ritmo de la respiración. Vértebra por vértebra, no en bloque. Lento: post-entreno esto es para soltar, no para movilizar fuerte."
movilidad,Movilidad,activation,thoracicExt,main,,,Extensión torácica en cuadrupedia,bi,Sin equipo,,,,60,2,0,,"De rodillas, antebrazos apoyados adelante y los glúteos hacia los talones. Hunde el pecho hacia el piso dejando que se abran las axilas. El movimiento es de la espalda alta: si se arquea la lumbar, acerca más los glúteos a los talones."
movilidad,Movilidad,activation,crossBody,main,,,Cruce de hombro,uni,Sin equipo,,,,45,3,0,,"Lleva el brazo cruzado por delante del pecho y empuja desde el codo, nunca desde la muñeca. La clave: baja el omóplato y no dejes que el hombro se vaya adelante. Si se va adelante, estás moviendo la escápula en vez de soltar la parte de atrás del hombro."
movilidad,Movilidad,activation,pecFloor,main,,,Apertura de pecho boca abajo,uni,Sin equipo,,,,45,3,1,,"Boca abajo, un brazo extendido en cruz a la altura del hombro, y rueda el cuerpo hacia ese lado apoyando el pie contrario. Busca el pecho, no el frente del hombro — si lo sientes dentro de la articulación, baja el brazo unos centímetros y vuelve a probar."
movilidad,Movilidad,activation,pecFloor_v1,variant,Apertura de pecho boca abajo,,Pectoral menor con pelota,uni,Pelota,,,,,,0,,"Boca abajo, la pelota debajo de la clavícula, por dentro del hombro. Presión suave y quieta. Esta zona no se rodea, se sostiene."
movilidad,Movilidad,activation,tricep,main,,,Tríceps y dorsal por encima de la cabeza,uni,Sin equipo,,,,30,1,0,,"Codo arriba junto a la oreja, mano entre los omóplatos, y empuja suave el codo con la otra mano. Costillas abajo — si la lumbar se arquea, ganaste rango con la espalda y no con el hombro."
movilidad,Movilidad,activation,neckTrap,main,,,Cuello y trapecio,uni,Sin equipo,,,,30,4,0,,"Sentado, la mano del lado que estiras sujeta el borde de la colchoneta, y lleva la oreja al hombro contrario sin encoger el hombro. No tires con la otra mano: el peso de la cabeza alcanza y sobra."
movilidad,Movilidad,activation,forearm,main,,,Antebrazos y muñecas,uni,Sin equipo,,,,30,1,0,,"En cuadrupedia, gira la mano hasta que los dedos apunten a las rodillas y siéntate lento hacia atrás. Después gira la mano y apoya el dorso para el otro lado. Horas agarrado al manillar se pagan aquí."
movilidad,Movilidad,activation,wallLegs,main,,,Piernas en la pared,bi,Pared,,,,120,2,0,,"Glúteos cerca de la pared, piernas verticales apoyadas en ella, brazos al costado. Dos minutos enteros, y no estás estirando nada: estás bajando pulsaciones y sacándote el peso de las piernas. Si tira mucho de los isquios, aleja los glúteos de la pared."
movilidad,Movilidad,activation,breathClose,main,,,Respiración de cierre,bi,Sin equipo,,,,180,1,0,,"Boca arriba, rodillas dobladas, una mano en el pecho y otra en el abdomen. Inhala 4 segundos por la nariz llevando el aire al abdomen, exhala 6 por la boca. La exhalación larga es la que baja el sistema nervioso, y es lo que convierte esto en recuperación y no en una entrada en calor tardía. Si quieres un protocolo con timer, tienes Respiración en caja."
recuperacion,Recuperación,activation,carsHip,main,,,CARs de cadera,uni,Sin equipo,,,,60,5,0,,"De pie o en cuadrupedia, lleva la rodilla al pecho, ábrela al costado, rótala hacia atrás y baja — el círculo más grande que puedas hacer sin que se mueva nada más que la cadera. Lentísimo: dos o tres círculos en el minuto. Si el tronco compensa, achica el círculo; el rango que controlas es el rango que tienes."
recuperacion,Recuperación,activation,carsShoulder,main,,,CARs de hombro,uni,Sin equipo,,,,60,4,0,,"Brazo estirado, súbelo por adelante hasta arriba, rótalo y baja por atrás, dibujando el círculo más amplio posible. Costillas abajo y la otra mano en el esternón para sentir si el tronco se mueve. Dos o tres vueltas en el minuto, con tensión en todo el brazo."
recuperacion,Recuperación,activation,carsSpine,main,,,CARs de columna,bi,Sin equipo,,,,90,5,0,,"Sentado sobre los talones o en una silla. Segmento por segmento: flexión y extensión torácica, después inclinación a cada lado, después rotación. La cadera no se mueve — si se mueve, ya no estás moviendo la columna. Es lento y es aburrido, y es de las cosas que más rango devuelven."
recuperacion,Recuperación,activation,carsAnkle,main,,,CARs de tobillo,uni,Sin equipo,,,,45,5,0,,"Sentado con la pierna estirada, dibuja el círculo más grande que puedas con la punta del pie, en las dos direcciones. La rodilla y la pierna quedan quietas. Busca el borde del rango y quédate ahí un segundo en cada punto."
recuperacion,Recuperación,activation,dogFlow,main,,,Perro abajo a perro arriba,bi,Sin equipo,,,,120,3,0,,"Fluye entre las dos posturas al ritmo de la respiración: exhalas hacia perro boca abajo empujando los talones al piso, inhalas pasando a perro boca arriba abriendo el pecho. Sin apurar el tránsito: la mitad del beneficio está en el camino, no en las dos fotos."
recuperacion,Recuperación,activation,sunFlow,main,,,Saludo al sol lento,bi,Sin equipo,,,,240,4,0,,"Secuencia completa y lenta, un movimiento por respiración: de pie, manos arriba, pliégate hacia adelante, media elevación, plancha, perro boca abajo, paso adelante, y vuelve. Repítela las veces que entren en el bloque, alternando qué pierna adelanta. Es la única parte de la sesión que te va a subir un poco las pulsaciones, y está bien que sea así."
recuperacion,Recuperación,activation,warriorFlow,main,,,Guerrero I a II y Triángulo,uni,Sin equipo,,,,120,1,0,,"Guerrero I con la cadera al frente, abre a Guerrero II girando el torso, y desde ahí baja al triángulo estirando el brazo largo. Sostén cada una unas cinco respiraciones antes de pasar a la siguiente. La rodilla de adelante siempre encima del tobillo, nunca por delante del pie."
recuperacion,Recuperación,activation,deepSquatHold,main,,,Sentadilla profunda sostenida,bi,Sin equipo,,,,120,5,0,,"Abajo del todo, talones en el piso, codos por dentro de las rodillas empujando suave hacia afuera. Muévete adentro de la postura: de lado a lado, un poco adelante y atrás. Si los talones se levantan, apóyalos sobre algo — la posición correcta con ayuda vale más que la incorrecta sin ella."
recuperacion,Recuperación,activation,frog,main,,,Postura de la rana,bi,Sin equipo,,,,180,5,0,,"Rodillas abiertas y en línea con la cadera, tobillos detrás de las rodillas, antebrazos en el piso. Baja la cadera hasta el primer punto de tensión y quédate ahí tres minutos respirando, sin buscar más. Esta es una postura pasiva: el tiempo hace el trabajo, tú no. Solo en un día sin sesión — sobre tejido recién entrenado no va."
recuperacion,Recuperación,activation,dragon,main,,,Dragón alado,uni,Sin equipo,,,,90,5,0,,"Estocada muy larga, manos por dentro del pie de adelante, rodilla de atrás en el piso. Deja que la rodilla de adelante caiga hacia afuera y baja el peso sobre los antebrazos si llegas. Es intensa: quédate en un 6 o 7 sobre 10, nunca más. Respira largo y no la fuerces con rebotes."
recuperacion,Recuperación,activation,pnfHip,main,,,Psoas con contracción y suelta,uni,Sin equipo,,,,90,5,0,,"Media rodilla con la pelvis metida. Empuja la rodilla de atrás contra el piso al 20% durante 5 segundos, suelta, y avanza un poco. Repite tres o cuatro veces en el bloque. Ese contraer-y-soltar es lo que gana rango de verdad; sin él es un estiramiento más."
recuperacion,Recuperación,activation,pnfHam,main,,,Isquios con contracción y suelta,uni,Sin equipo,,,,90,5,0,,"Acostado, pierna al techo agarrada por detrás del muslo. Empuja el talón contra tus manos al 20% durante 5 segundos, suelta, y sube la pierna un poco más. Tres o cuatro ciclos. La pierna de abajo se queda apoyada todo el tiempo."
recuperacion,Recuperación,activation,balance,main,,,"Equilibrio en una pierna, ojos cerrados",uni,Sin equipo,,,,40,4,0,,"Parado en una pierna, cierra los ojos. Con una pared o una silla al alcance de la mano — se pierde el equilibrio, esa es la idea. Busca que el pie trabaje: dedos activos, tobillo corrigiendo. Cuarenta segundos por lado alcanzan y sobran."
recuperacion,Recuperación,activation,rollDown,main,,,Enrollado vertebral boca arriba,bi,Sin equipo,,,,90,5,0,,"Acostado, rodillas dobladas. Despega la pelvis y sube vértebra por vértebra hasta apoyar en los omóplatos, y baja igual de lento, apoyando de arriba hacia abajo. Lo que buscas es que la columna se articule por segmentos, no que suba alto. Cinco o seis ciclos lentos."
recuperacion,Recuperación,activation,bodyScan,main,,,Escaneo corporal,bi,Sin equipo,,,,180,5,0,,"Boca arriba, piernas largas, palmas arriba. Recorre el cuerpo de los pies a la cabeza, parando en cada zona el tiempo de una respiración y soltando lo que encuentres apretado. Mandíbula y trapecios al final: casi siempre queda algo ahí."
recuperacion,Recuperación,activation,catcow,main,,,Gato-camello,bi,Sin equipo,,,,60,5,0,,"En cuadrupedia, alterna redondear y arquear al ritmo de la respiración, vértebra por vértebra. Aquí tienes tiempo: hazlo el doble de lento de lo que harías antes de entrenar, y busca los segmentos que no se mueven."
recuperacion,Recuperación,activation,threadNeedle,main,,,Rotación torácica en cuadrupedia,uni,Sin equipo,,,,60,3,0,,"En cuatro puntos, una mano detrás de la cabeza. Lleva el codo hacia la rodilla contraria y después abre rotando el torso, siguiendo el codo con la mirada. La cadera se queda cuadrada — si se va contigo, estás rotando desde la lumbar."
recuperacion,Recuperación,activation,openBook,main,,,Libro abierto,uni,Sin equipo,,,,60,3,1,,"De costado, rodillas flexionadas y apiladas, brazos juntos adelante. Abre el brazo de arriba siguiendo la mano con la mirada y deja las rodillas quietas. Quédate cinco respiraciones donde llegues antes de volver."
recuperacion,Recuperación,activation,openBook_v1,variant,Libro abierto,,Extensión torácica sobre rodillo,bi,Rodillo,,,,,,0,,"Rodillo cruzado bajo la espalda alta, manos detrás de la cabeza. Extiende hacia atrás sobre él y muévelo dos dedos hacia arriba y repite, segmento por segmento. La lumbar no se arquea: los glúteos quedan apoyados."
recuperacion,Recuperación,activation,wgs,main,,,El mejor estiramiento del mundo,uni,Sin equipo,,,,60,3,0,,"Estocada larga, mano de adentro al piso junto al pie, y abre el pecho rotando el brazo de arriba hacia el techo. Sostén arriba tres respiraciones antes de volver. Cadera, aductor y torácica en un solo movimiento."
recuperacion,Recuperación,activation,nineNinety,main,,,Cadera 90/90,uni,Sin equipo,,,,60,3,0,,"Sentado, una pierna a 90° adelante y la otra a 90° al costado. Inclínate sobre la de adelante, vuelve, y pasa al otro lado levantando las rodillas y girando sin usar las manos. Esa transición activa es el ejercicio; la inclinación es solo la mitad."
recuperacion,Recuperación,activation,spiderman,main,,,Zancada spiderman con rotación,uni,Sin equipo,,,,60,3,0,,"Desde plancha, lleva el pie por fuera de la mano del mismo lado. Baja el codo hacia el piso, y desde ahí rota abriendo el brazo al techo. Dos o tres repeticiones lentas por lado dentro del bloque, no una sola sostenida."
recuperacion,Recuperación,activation,inchworm,main,,,Caminata de oruga,bi,Sin equipo,,,,60,3,0,,"De pie, pliégate hacia adelante y camina con las manos hasta plancha, sin mover los pies. Vuelve caminando las manos hacia atrás. Las piernas lo más estiradas que aguanten — ahí está el trabajo de isquios."
recuperacion,Recuperación,activation,cossack,main,,,Sentadilla cosaca,uni,Sin equipo,,,,60,4,0,,"Pies bien abiertos, baja el peso sobre una pierna dejando la otra estirada con la punta del pie arriba. Pecho alto y talón de la pierna que baja pegado al piso. Pasa de lado a lado despacio; no llegues hasta abajo si la espalda se redondea."
recuperacion,Recuperación,activation,legSwing,main,,,Balanceo de piernas,uni,Pared,,,,45,3,0,,"Apoyado en la pared, balancea la pierna adelante y atrás, y después cruzada de lado a lado. Aumenta el rango poco a poco — arrancar en el máximo es cómo se tira un isquio, incluso en un día suave."
recuperacion,Recuperación,activation,kneeWall,main,,,Rodilla a la pared,uni,Pared,,,,45,4,0,,"Pie a un palmo de la pared, toca la pared con la rodilla sin que el talón se despegue. Si llegas fácil, aleja el pie un centímetro y vuelve a probar. Es la medida más honesta de tu tobillo, y mejora con repeticiones, no con fuerza."
recuperacion,Recuperación,activation,wallAngel,main,,,Ángeles en la pared,bi,Pared,,,,60,3,1,,"Espalda contra la pared, lumbar pegada, brazos en W con los codos y el dorso de las manos tocando. Sube y baja los brazos sin despegar nada. Frena exactamente donde algo se despegue — hasta ahí llega tu rango de hoy, y forzar más no lo agranda."
recuperacion,Recuperación,activation,wallAngel_v1,variant,Ángeles en la pared,,Pasada de bastón (con tope),bi,Bastón o palo,,,,,,0,,"Agarre muy ancho, brazos estirados, pasa el bastón de los muslos hacia atrás y vuelve. Esto no es un concurso de flexibilidad: detente donde se te abran las costillas, se te arquee la lumbar o se te suban los hombros. Si tienes que forzar, achica el agarre."
recuperacion,Recuperación,activation,scorpion,main,,,Escorpión boca abajo,uni,Sin equipo,,,,45,1,0,,"Boca abajo, brazos en cruz. Lleva un talón cruzado hacia la mano contraria dejando que la cadera rote, y el pecho lo más pegado al piso que puedas. Lento a la ida y lento a la vuelta."
recuperacion,Recuperación,activation,neckCars,main,,,CARs de cuello,bi,Sin equipo,,,,60,1,0,,"Sentado, hombros quietos. Mentón al pecho, rueda hacia un hombro, lleva la oreja atrás, y completa el círculo — despacísimo, buscando dónde se traba. Nunca a la fuerza y nunca rápido: si aparece mareo o hormigueo, detente."
recuperacion,Recuperación,activation,clamshell,main,,,Almeja lenta,uni,Sin equipo,,,,45,2,1,,"De costado, rodillas dobladas y talones juntos. Abre la rodilla de arriba sin que la cadera se caiga hacia atrás — pon la mano en el glúteo y siente que trabaja ahí. Lento, y sostén un segundo arriba."
recuperacion,Recuperación,activation,clamshell_v1,variant,Almeja lenta,,Almeja con minibanda,uni,Minibanda,,,,,,0,,"Banda por encima de las rodillas. Mismo movimiento contra resistencia, y la bajada tan lenta como la subida."
recuperacion,Recuperación,activation,bridgeSingle,main,,,Puente a una pierna,uni,Sin equipo,,,,45,3,0,,"Un pie apoyado, la otra rodilla al pecho. Sube la cadera empujando con el talón y mantén la pelvis pareja — sin que un lado se caiga. Si se cae, baja el rango o hazlo con las dos piernas."
recuperacion,Recuperación,activation,gluteBridgeMarch,main,,,Puente con marcha,bi,Sin equipo,,,,60,3,0,,"Puente arriba y sostenido, y desde ahí despega un pie unos centímetros, apoya, y cambia. La cadera no baja y no rota. Despacio: esto es control, no repeticiones."
recuperacion,Recuperación,activation,birdDog,main,,,Bird dog,uni,Sin equipo,,,,45,5,0,,"En cuadrupedia, extiende brazo y pierna contrarios hasta la horizontal. Sostén tres segundos arriba con la lumbar quieta — si la espalda se arquea o la cadera rota, baja la pierna. Imagínate un vaso de agua sobre la zona lumbar."
recuperacion,Recuperación,activation,deadBug,main,,,Dead bug,bi,Sin equipo,,,,60,5,0,,"Lumbar pegada al piso, brazos y rodillas arriba. Extiende brazo y pierna contrarios sin que la espalda se despegue ni un milímetro. Exhala al extender. Lento: el objetivo es control."
recuperacion,Recuperación,activation,sidePlank,main,,,Plancha lateral dinámica,uni,Sin equipo,,,,45,5,0,,"Sobre el antebrazo, cadera arriba y cuerpo en línea. Baja la cadera hasta rozar el piso y vuelve a subir, lento y controlado. Con las rodillas apoyadas si la versión larga te rompe la línea."
recuperacion,Recuperación,activation,bearCrawl,main,,,Caminata de oso,bi,Sin equipo,,,,60,3,0,,"Cuadrupedia con las rodillas a un palmo del piso. Avanza y retrocede moviendo mano y pie contrarios, con la cadera baja y sin que se balancee de lado a lado. Pasos cortos."
recuperacion,Recuperación,activation,scapPushup,main,,,Flexión escapular,bi,Sin equipo,,,,45,2,0,,"En plancha alta con los codos estirados todo el tiempo: deja caer el pecho juntando los omóplatos, y después empuja el piso separándolos al máximo. El movimiento es de tres o cuatro centímetros y es exactamente el músculo que le falta a un nadador."
recuperacion,Recuperación,activation,ytwl,main,,,Y-T-W boca abajo,bi,Sin equipo,,,,60,1,1,,"Boca abajo, frente apoyada, pulgares al techo. Despega los brazos en Y, después en T, después en W. Las escápulas van hacia abajo, nunca hacia las orejas: si te encoges, el trabajo se lo lleva el trapecio superior."
recuperacion,Recuperación,activation,ytwl_v1,variant,Y-T-W boca abajo,,Y-T-W con banda,bi,Banda larga,,,,,,0,,"De pie con la banda al frente, misma secuencia contra resistencia baja. Muchas repeticiones y poca tensión — el manguito posterior responde a eso, no a la carga."
recuperacion,Recuperación,activation,extRotation,main,,,Rotación externa isométrica,uni,Pared,,,,45,1,1,,"Codo pegado al cuerpo a 90°, dorso de la mano contra el marco de una puerta o una pared. Empuja hacia afuera al 50% y sostén, sin que nada se mueva. Que el hombro no se vaya adelante y el codo no se separe de las costillas."
recuperacion,Recuperación,activation,extRotation_v1,variant,Rotación externa isométrica,,Rotación externa con minibanda,uni,Minibanda,,,,,,0,,"Banda anclada a la altura del codo, codo pegado al cuerpo. Rota hacia afuera y vuelve más lento de lo que fuiste. Rango corto y control."
recuperacion,Recuperación,activation,latWalk,main,,,Caminata lateral en media sentadilla,bi,Sin equipo,,,,60,2,1,,"Media sentadilla, pecho alto, y camina de lado dando pasos parejos sin juntar los pies del todo. Las rodillas empujando hacia afuera todo el tiempo y la cadera a la misma altura. Ida y vuelta."
recuperacion,Recuperación,activation,latWalk_v1,variant,Caminata lateral en media sentadilla,,Caminata lateral con minibanda,bi,Minibanda,,,,,,0,,"Banda en los tobillos o por encima de las rodillas. Mismo paso contra resistencia, y sin que el pie de atrás se arrastre."
recuperacion,Recuperación,activation,calfEcc,main,,,Elevación de talones excéntrica,bi,Sin equipo,,,,60,2,1,,"Sube con las dos piernas y baja con una sola, contando tres segundos. La bajada es el ejercicio. Alterna la pierna que baja."
recuperacion,Recuperación,activation,calfEcc_v1,variant,Elevación de talones excéntrica,,Excéntricas en escalón,bi,Escalón,,,,,,0,,"Media planta en el borde de un escalón. Sube con dos, baja con una dejando caer el talón por debajo del escalón, tres segundos. Si estás con el protocolo de aquiles, no sumes volumen aquí: cuenta estas series como parte de aquel."
recuperacion,Recuperación,activation,plantarFlex,main,,,Flexión plantar activa,bi,Sin equipo,,,,45,1,0,,"Sentado con las piernas estiradas, apunta las puntas de los pies lo más lejos que puedas y sostén cinco segundos, después tráelas hacia ti. Activa, no pasiva: es el rango que empuja el agua en la patada."
recuperacion,Recuperación,activation,tva,main,,,Activación de transverso,bi,Sin equipo,,,,60,4,0,,"Boca arriba, rodillas dobladas, manos sobre los huesos de la cadera por dentro. Inhala al abdomen, y al exhalar lleva el ombligo hacia adentro y hacia arriba sin mover la pelvis. Deberías sentir una tensión suave debajo de los dedos. Es sutil, y es la base de todo lo demás."
recuperacion,Recuperación,activation,reverseLunge,main,,,Estocada inversa con brazos arriba,uni,Sin equipo,,,,45,1,0,,"Paso largo hacia atrás bajando la rodilla, con los dos brazos estirados por encima de la cabeza y las costillas abajo. Los brazos arriba son lo que convierte esto en trabajo de cadera y torácica a la vez."
aquiles,Aquiles,strength,rollCalf,main,,,Rodillo: vientre del gemelo,,Foam roller,1,60-90s por lado,,,1,0,,"Solo la parte carnosa de arriba y los costados de la pierna. Nunca pases el rodillo por el tendón — es tejido muy inervado y ya irritado; la fricción ahí solo lo empeora. De la rodilla para abajo hasta donde el músculo se vuelve tendón, y ahí paras."
aquiles,Aquiles,strength,isoStep,main,,,Isométrico en puntas (escalón),,Escalón,3,30-45s,60,,1,0,,"Con los dos pies en el borde del escalón, sube a puntas y sostén arriba, quieto. Los isométricos pesados son analgésicos naturales para el tendón: si arrancas con esto, el resto de la rutina duele menos."
aquiles,Aquiles,strength,isoFlat,main,,,Isométrico en puntas (piso),,Sin equipo,3,30-45s,60,,1,0,,"Igual, pero en piso plano, no en el escalón: con dolor en la inserción no queremos el talón por debajo del nivel del pie. Sube a puntas y sostén quieto arriba. Es el analgésico natural del tendón."
aquiles,Aquiles,strength,pogo,main,,,Pogos (saltitos de tobillo),,Sin equipo,3,20,60,,1,0,,"Saltitos chicos en el lugar, solo desde el tobillo, con la rodilla casi fija. El contacto tiene que ser corto y sonar poco. No buscas altura: buscas rigidez elástica, que es lo que el tendón hace cuando corres."
aquiles,Aquiles,strength,skip,main,,,Skipping bajo,,Sin equipo,3,30s,60,,1,0,,"Skipping suave en el lugar o avanzando. Rebote rápido, apoyo de metatarso, sin machacar el talón. Si el tendón habla, se corta el bloque — no se negocia."
aquiles,Aquiles,strength,slHop,main,,,Saltos a una pierna,,Sin equipo,3,10 por lado,60,,1,0,,"Saltitos en el lugar sobre una pierna, aterrizando en el metatarso con la rodilla suave. Es el último escalón antes de volver a correr fuerte. Si mañana amaneces más rígido que hoy, era demasiado pronto."
aquiles,Aquiles,strength,eccStraight,main,,,"Bajada excéntrica, pierna recta",,Escalón,3,15 por lado,60,,1,0,,"En el escalón, sube con las dos piernas, saca la pierna sana y baja solo con la lesionada en 4-5 segundos, dejando el talón caer por debajo del escalón. Vuelve a apoyar la sana para subir. La bajada es todo el ejercicio; nunca subas con la pierna lesionada."
aquiles,Aquiles,strength,eccBent,main,,,"Bajada excéntrica, rodilla flexionada",,Escalón,3,15 por lado,60,,1,0,,"Exactamente lo mismo, pero con la rodilla de trabajo flexionada unos 30 grados todo el movimiento. Eso baja la carga del gemelo al sóleo, que es el músculo que más trabaja corriendo en llano."
aquiles,Aquiles,strength,eccStraightFlat,main,,,"Bajada excéntrica, pierna recta",,Piso plano,3,15 por lado,60,,1,0,,"En el piso, no en el escalón. Sube a puntas con las dos, saca la pierna sana y baja con la lesionada en 4-5 segundos hasta que el talón toque el piso, y ahí paras. Nunca más abajo: con dolor en la inserción, ese rango de más aplasta el tendón contra el hueso."
aquiles,Aquiles,strength,eccBentFlat,main,,,"Bajada excéntrica, rodilla flexionada",,Piso plano,3,15 por lado,60,,1,0,,"Igual que el anterior, en piso y frenando en el talón, pero con la rodilla flexionada unos 30 grados para llevar la carga al sóleo."
aquiles,Aquiles,strength,seatedCalf,main,,,Elevación de talón sentado,,Máquina,4,6-8,120,,1,0,,"Pesado, y 3 segundos para subir, 3 para bajar. El tempo no es un detalle estético: la tensión sostenida es lo que remodela el colágeno. Sentado y con rodilla flexionada, el que trabaja es el sóleo — el caballo de batalla del fondista."
aquiles,Aquiles,strength,seatedCalfNeutral,main,,,Elevación de talón sentado,,Máquina · rango limitado,4,6-8,120,,1,0,,"Pesado, 3 segundos arriba y 3 abajo, pero frena cuando el talón llega a la altura del apoyo — no lo dejes caer por debajo. Ese último tramo es el que comprime la inserción, y es el que no te está dejando mejorar."
aquiles,Aquiles,strength,legPressCalf,main,,,Elevación de talón en prensa,,Prensa,4,8-10,120,,1,0,,"Piernas casi estiradas, sin bloquear la rodilla hacia atrás, empujando con el metatarso. Mismo tempo lento. Con la rodilla extendida el protagonista pasa a ser el gemelo."
aquiles,Aquiles,strength,legPressCalfNeutral,main,,,Elevación de talón en prensa,,Prensa · rango limitado,4,8-10,120,,1,0,,"Igual, tempo lento, pero sin dejar que el talón baje más allá de la línea del apoyo. Mismo motivo: en la inserción, el rango de más no es más estímulo, es compresión."
aquiles,Aquiles,strength,farmerToes,main,,,Caminata en puntas con peso,,Mancuernas,3,30s,90,,2,0,,"Mancuernas pesadas, camina lento manteniéndote alto sobre el metatarso todo el recorrido, sin que el talón baje. Entrena rigidez del tobillo bajo carga — que es justo lo que le falta al ciclista que hunde el talón cuando aprieta."
aquiles,Aquiles,strength,towel,main,,,Arrugar la toalla,,Toalla,3,20 por lado,30,,1,0,,"Sentado y descalzo, toalla en el piso, arrúgala hacia ti solo con los dedos. Un pie fuerte se queda con parte del trabajo del despegue en vez de mandárselo entero al tendón."
aquiles,Aquiles,strength,shortFoot,main,,,Pie corto,,Sin equipo,3,30s por lado,30,,1,0,,"Descalzo, pie apoyado, acerca la base de los dedos al talón levantando el arco, sin arrugar los dedos y sin girar el tobillo. Es diminuto y cuesta encontrarlo; cuando aparece, sientes el arco activo. El pie y el aquiles se reparten el resorte: si el arco se cae, el tendón paga la diferencia."
aquiles,Aquiles,strength,tibRaise,main,,,Elevación de punta (tibial anterior),,Pared de apoyo,3,20,30,,1,0,,"De espaldas a la pared, talones un paso adelante, sube las puntas hacia las espinillas lo más alto que puedas y baja lento. Es el antagonista del gemelo: te da control de la caída del pie al aterrizar, en vez de solo frenarla."
aquiles,Aquiles,strength,hipAbd,main,,,Elevación lateral acostado,,Sin equipo,3,15 por lado,30,,1,0,,"De costado, pierna de arriba recta y la punta apuntando levemente al piso. Tiene que arder en el lateral del glúteo. Lo que la cadera no estabiliza arriba, el tobillo lo compensa abajo."
aquiles,Aquiles,strength,slBridge,main,,,Puente de glúteos a una pierna,,Sin equipo,3,10 por lado,45,,1,0,,"Empuja con el talón y aprieta el glúteo arriba. Si lo sientes en la lumbar, mete la pelvis y baja la altura. Cadena posterior fuerte, menos trabajo de frenado para abajo."
aquiles,Aquiles,strength,wallStraight,main,,,"Estiramiento en pared, pierna recta",,Pared,1,2 min por lado,,,1,0,,"Manos en la pared, pierna de atrás recta y el talón clavado en el piso. Estira el gemelo. Solo después de entrenar, con el tejido caliente — estirar un aquiles frío e irritado es la forma más rápida de encender el cuadro."
aquiles,Aquiles,strength,wallBent,main,,,"Estiramiento en pared, rodilla flexionada",,Pared,1,2 min por lado,,,1,0,,"Misma posición, pero flexionando levemente la rodilla de atrás sin despegar el talón. El estiramiento baja y se acerca al tendón: ahí está el sóleo."
aquiles,Aquiles,strength,ankleMob,main,,,Movilidad de tobillo sin forzar,,Sin equipo,1,90s por lado,,,1,0,,"Sentado, círculos amplios y lentos con el tobillo, y después puntas hacia adelante sostenidas. Aquí no hay estiramiento de gemelo a propósito: con dolor en la inserción, llevar el pie a dorsiflexión máxima comprime el tendón contra el hueso, que es exactamente lo que estamos evitando toda la rutina. Movilidad sí, tironeo no."
rodillas,Rodillas sin dolor,strength,swingFB,main,,,Balanceo de pierna (frontal),,Pared de apoyo,1,15 por lado,,,1,0,,"Apóyate en una pared y balancea la pierna adelante y atrás. Aumenta el rango poco a poco, no arranques en el máximo."
rodillas,Rodillas sin dolor,strength,swingLat,main,,,Balanceo lateral de pierna,,Pared de apoyo,1,15 por lado,,,1,0,,"De frente a la pared, cruza la pierna de lado a lado por delante del cuerpo. Abre aductores y despierta la cadera externa."
rodillas,Rodillas sin dolor,strength,sideRaise,main,,,Elevación lateral acostado,,Sin equipo,1,20 por lado,,,1,0,,"De costado, pierna de arriba recta y la punta del pie apuntando levemente hacia el piso. Sube lento. Tiene que arder en el lateral del glúteo — si lo sientes en la ingle, estás rotando la pierna."
rodillas,Rodillas sin dolor,strength,bridge,main,,,Puente de glúteos,,Sin equipo,2,15,30,,1,0,,Empuja con los talones y sostén 2 segundos arriba apretando el glúteo. La pausa es el ejercicio; sin ella son solo repeticiones.
rodillas,Rodillas sin dolor,strength,balance,main,,,Apoyo en una pierna,,Sin equipo,1,30s por lado,,,1,0,,"Parado en una pierna, rodilla apenas flexionada, mirando un punto fijo. Que la cadera no se caiga del lado que está en el aire — ese descenso es exactamente lo que le pasa a tu pelvis en cada zancada. Si te resulta fácil, cierra los ojos."
rodillas,Rodillas sin dolor,strength,wallSit,main,,,Sentadilla isométrica en pared,,Pared,3,45s,60,,1,0,,"Espalda contra la pared, rodillas a ~90°, y empuja los talones contra el piso como si quisieras arrastrarlos hacia atrás. Sostén. Es el ejercicio que más rápido baja el dolor de rodilla — si hoy te molesta, empieza por aquí y vas a notar que el resto de la rutina duele menos."
rodillas,Rodillas sin dolor,strength,bulgarian,main,,,Sentadilla búlgara,,Silla o sillón,3,8-12 por pierna,90,,1,0,,"Pie de atrás sobre la silla, pecho arriba. La rodilla de adelante viaja sobre el dedo del medio, nunca hacia adentro. Si se mete, acorta el rango antes de acortar la técnica."
rodillas,Rodillas sin dolor,strength,slBridge,main,,,Puente de glúteos a una pierna,,Sin equipo,3,10 por pierna,60,,1,0,,"Empuja con el talón. Si lo sientes en la lumbar, la cadera se te fue en anteversión — mete la pelvis y baja la altura."
rodillas,Rodillas sin dolor,strength,revLunge,main,,,Zancada atrás con rodilla arriba,,Sin equipo,3,12 por pierna,60,,1,0,,"Paso atrás a la zancada y, sin pausa, sube esa rodilla al pecho en un solo movimiento. Es estabilidad dinámica: la mitad del ejercicio es no tambalearte al subir."
rodillas,Rodillas sin dolor,strength,copenhagen,main,,,Plancha copenhague (modificada),,Silla o sillón,3,20-30s por lado,45,,1,0,,"Plancha lateral con la rodilla de arriba apoyada en la silla y la pierna de abajo despegada del piso. Trabaja los aductores, que son el contrapeso de la banda iliotibial del lado de afuera."
rodillas,Rodillas sin dolor,strength,stepDown,main,,,Step-down excéntrico,,Escalón,3,10 por pierna,60,,1,0,,"De costado en un escalón, baja el otro pie hacia el piso en 3-4 segundos y sube rápido. La lentitud de la bajada es todo el ejercicio — apunta al vasto interno, el que endereza la rótula."
rodillas,Rodillas sin dolor,strength,wallSitLoaded,main,,,Sentadilla isométrica en pared,,Pared · disco opcional,3,45s,60,,1,0,,"Igual que en casa, con un disco sobre los muslos si quieres más. Si hoy la rodilla molesta, haz esto primero: la isometría baja el dolor y te deja entrenar el resto con buena técnica en vez de compensando."
rodillas,Rodillas sin dolor,strength,bulgarianW,main,,,Búlgara con mancuernas,,Mancuernas,3,8-10 por pierna,90,,1,0,,"El mejor ejercicio que hay para blindar rodillas. Suma peso solo cuando las 10 repeticiones salgan sin que la rodilla se meta — la carga amplifica la técnica que ya tienes, buena o mala."
rodillas,Rodillas sin dolor,strength,rdl,main,,,Peso muerto rumano,,Barra o mancuernas,3,10-12,90,,1,0,,"Bisagra de cadera, no sentadilla: los glúteos van hacia atrás y las rodillas casi no se mueven. Una cadena posterior fuerte le saca a la rodilla el trabajo de frenar."
rodillas,Rodillas sin dolor,strength,legPress,main,,,Prensa a una pierna,,Prensa,3,10 por pierna,90,,1,0,,"Pie alto y levemente hacia afuera en la plataforma, para cargar glúteo y vasto interno. Controla la bajada; no rebotes abajo."
rodillas,Rodillas sin dolor,strength,cableAbd,main,,,Abducción de cadera en polea,,Polea baja,3,12-15 por lado,45,,1,0,,"Tobillera en la polea baja, de costado a la máquina, barre la pierna hacia afuera. El tronco se queda quieto — si te inclinas para el otro lado, baja el peso."
rodillas,Rodillas sin dolor,strength,cableAdd,main,,,Aducción en polea o máquina,,Polea o máquina,3,12-15 por lado,45,,1,0,,"El par de la abducción, y el que casi nadie hace. Aductores fuertes equilibran la tracción de la banda iliotibial y estabilizan la pelvis desde adentro. Rango completo, sin rebote."
rodillas,Rodillas sin dolor,strength,legExt,main,,,Extensión de rodilla (rango terminal),,Máquina,3,15,45,,1,0,,"Solo los últimos 30 grados, de rodilla apenas flexionada a estirada, con peso moderado y apretando arriba. El rango completo cizalla la rodilla; este pedacito aísla el vasto interno sin cobrarte nada."
rodillas,Rodillas sin dolor,strength,rollQuad,main,,,Rodillo: cuádriceps,,Foam roller,1,60-90s por lado,,,1,0,,"De la cadera hasta justo arriba de la rótula. Cuando encuentres un punto sensible, párate ahí y flexiona y estira la rodilla — eso despega el tejido mucho más que seguir rodando."
rodillas,Rodillas sin dolor,strength,rollTFL,main,,,Rodillo: TFL,,Foam roller,1,60-90s por lado,,,1,0,,"El musculito arriba y adelante de la cadera, donde nace la banda iliotibial. No pases el rodillo por la banda iliotibial en el costado del muslo: es tendón, no músculo, y rodarla inflama más. Rueda aquí arriba, que es lo que la tensa."
rodillas,Rodillas sin dolor,strength,rollCalf,main,,,Rodillo: gemelos,,Foam roller,1,60-90s por lado,,,1,0,,"Gemelos duros restan movilidad de tobillo, y lo que el tobillo no absorbe lo absorbe la rodilla."
rodillas,Rodillas sin dolor,strength,couch,main,,,Couch stretch,,Pared,1,2 min por lado,,,1,0,,"De rodillas de espaldas a la pared, la rodilla de atrás en el rincón, el otro pie adelante en zancada. Mete la pelvis antes de buscar más rango — si no, estiras la lumbar y no el cuádriceps."
rodillas,Rodillas sin dolor,strength,pigeon,main,,,Postura de la paloma,,Sin equipo,1,2 min por lado,,,1,0,,"Para glúteo mayor y piramidal, que se agarrotan con las horas de sillín y de asfalto. Respira y suelta; dos minutos no son dos minutos de forcejeo."
hombro,Hombro del nadador,strength,rollLat,main,,,Rodillo: dorsal,,Rodillo,1,60-90s por lado,,,1,0,,"De costado, el rodillo justo debajo de la axila, sobre el costado de las costillas. Cuando encuentres un punto sensible, frena ahí y sube y baja el brazo despacio — ese barrido despega el tejido mucho más que seguir rodando. El dorsal es el que te enrolla el hombro hacia adelante."
hombro,Hombro del nadador,strength,ballPec,main,,,Pelota: pectoral menor,,Pelota de tenis,1,60s por lado,,,1,0,,"La pelota arriba del pecho, cerca del frente del hombro, y apóyate contra una pared. Presión moderada, no aplastes: aquí abajo hay nervios y tendones, y esto no es un punto para pelear."
hombro,Hombro del nadador,strength,openBook,main,,,Apertura torácica (libro abierto),,Sin equipo,1,8 por lado,,,1,0,,"De costado, rodillas flexionadas, brazos estirados juntos adelante. Abre el brazo de arriba y llévalo al otro lado siguiéndolo con la mirada, dejando las rodillas quietas en el piso. Si la espalda alta no rota, el hombro tiene que buscar el rango que le falta a la columna."
hombro,Hombro del nadador,strength,thoracicExt,main,,,Extensión torácica en el rodillo,,Rodillo,1,8 respiraciones,,,1,0,,"Rodillo cruzado bajo la espalda alta, manos detrás de la nuca, y deja caer la cabeza hacia atrás soltando el aire. Muévelo dos dedos hacia arriba y repite. Nunca abajo de las últimas costillas: ahí se extiende la lumbar, que no es la que está rígida."
hombro,Hombro del nadador,strength,wallAngel,main,,,Ángeles de pared,,Pared,2,12,30,,1,0,,"Espalda contra la pared, codos y muñecas tocando la pared como un arco de fútbol. Sube despacio hasta la ""Y"". Si la lumbar se despega o las muñecas se van de la pared, ahí terminó tu rango — no lo fuerces, la ganancia está en el rango que sí controlas."
hombro,Hombro del nadador,strength,serratusSlide,main,,,Deslizamiento de antebrazos en pared,,Pared,2,10,30,,1,0,,"De frente a la pared, antebrazos apoyados. Deslízalos hacia arriba y arriba del todo empuja la pared como si quisieras alejarte de ella, dejando que los omóplatos se abracen a las costillas. Ese último empujón es el serrato, y es el músculo que le hace lugar al tendón cuando levantas el brazo."
hombro,Hombro del nadador,strength,isoER,main,,,Rotación externa isométrica,,Marco de puerta,3,30s por lado,30,,3,0,,"Parado de costado al marco, codo pegado a las costillas y flexionado a 90°, el dorso de la muñeca contra el marco. Empuja hacia afuera al 50% y sostén. Nada se mueve. Arranca siempre por aquí: si hoy te molesta, esto baja el dolor y te deja hacer el resto con buena técnica en vez de esquivándolo."
hombro,Hombro del nadador,strength,pushPlus,main,,,"Flexión ""plus"" (protracción)",,Sin equipo,3,10-12,45,,3,0,,"Plancha alta —o de rodillas, o contra la pared si el hombro está sensible. Baja y sube normal, y arriba, con los codos ya estirados, empuja el piso un poco más hasta que la espalda alta se redondee. Ese centímetro extra es todo el ejercicio."
hombro,Hombro del nadador,strength,sideLyingER,main,,,Rotación externa acostado de costado,,Sin equipo,3,15-20 por brazo,45,,1,0,,"De costado sobre el lado sano, el brazo de arriba con el codo pegado a las costillas (una toalla enrollada abajo ayuda) y flexionado a 90°. Gira el antebrazo hacia el techo. Poco o nada de peso y muchas repeticiones: el manguito es un grupo de resistencia, no de fuerza máxima. Una botella chica de agua alcanza y sobra."
hombro,Hombro del nadador,strength,doorRow,main,,,Remo en el marco de la puerta,,Marco de puerta,3,12 por brazo,45,,1,0,,"Agarra el marco con una mano, pies cerca, y déjate caer hacia atrás con el cuerpo derecho. Tracciona. El codo va hacia atrás pegado al cuerpo y el omóplato baja, no sube — si sientes el cuello, el trapecio superior te ganó de mano."
hombro,Hombro del nadador,strength,proneIYT,main,,,I-Y-T boca abajo,,Sin equipo,3,8 en cada posición,60,,2,0,,"Boca abajo, frente apoyada, pulgares al techo. Despega los brazos: adelante (I), en diagonal (Y) y en cruz (T). Junto los omóplatos hacia abajo, nunca hacia las orejas. Sin peso las tres veces primero; el peso viene después de que las 24 repeticiones salgan sin encoger el hombro."
hombro,Hombro del nadador,strength,bandER,main,,,Rotación externa con banda,,Banda elástica,3,15-20 por brazo,45,,1,0,,"Banda atada al picaporte, de costado, codo pegado a las costillas con una toalla enrollada abajo. Gira el antebrazo hacia afuera. Poca resistencia y muchas repeticiones — si tienes que tirar con el cuerpo, la banda es demasiado dura."
hombro,Hombro del nadador,strength,bandFacePull,main,,,Face pull con banda,,Banda elástica,3,15,45,,1,0,,"Banda anclada a la altura de la cara. Trae las manos hacia la frente llevando los codos hacia atrás y girando las manos hacia arriba, hasta terminar como haciendo bíceps. Es el ejercicio que más directo pega en rotadores externos y trapecio medio a la vez."
hombro,Hombro del nadador,strength,scapPullUp,main,,,Dominada escapular,,Barra,3,8-12,60,,1,0,,"Colgado con los brazos estirados. Sin flexionar los codos, baja y junta los omóplatos hasta subir dos o tres centímetros. Sostén 2 segundos y baja. Es exactamente el control que necesitas en el agarre de la brazada, cuando el hombro está más expuesto."
hombro,Hombro del nadador,strength,cableER,main,,,Rotación externa en polea,,Polea baja,3,15 por brazo,45,,1,0,,"Igual que con banda, pero la polea mantiene la tensión pareja en todo el recorrido. Codo pegado, toalla abajo. Peso bajo y sin tirones: aquí no se busca carga, se busca fondo."
hombro,Hombro del nadador,strength,inclineRow,main,,,Remo con mancuernas en banco inclinado,,Banco inclinado,3,12,60,,1,0,,"Boca abajo sobre el banco a 30-45°. Rema apretando el medio de la espalda. El banco es el punto: te saca la lumbar de la ecuación, así que el peso lo levanta lo que tiene que levantarlo."
hombro,Hombro del nadador,strength,bottomsUp,main,,,Press de kettlebell invertida,,Kettlebell liviana,3,8 por brazo,60,,1,0,,"Kettlebell al revés, agarrada del mango con la pesa apuntando al techo, y presionas por arriba. Empieza con una ridículamente liviana: mantenerla derecha exige del manguito todo lo que este bloque viene entrenando, y ahí es donde se nota si el hombro ya está estable."
hombro,Hombro del nadador,strength,crossBody,main,,,Estiramiento cruzado de hombro,,Sin equipo,1,90s por lado,,,1,0,,"Lleva el brazo cruzado sobre el pecho y sostenlo con el otro por arriba del codo. Antes de tirar, baja el omóplato y no lo dejes viajar hacia adelante — si el omóplato se corre, estiras la espalda y no la parte de atrás del hombro, que es la que se acorta nadando. Tiene que sentirse atrás del hombro, nunca un pinchazo adelante."
hombro,Hombro del nadador,strength,childLat,main,,,Postura del niño con sesgo dorsal,,Sin equipo,1,2 min,,,1,0,,"Sentado sobre los talones, brazos estirados adelante. Camina las dos manos bien hacia la izquierda para estirar el dorsal derecho, respira ahí, y después hacia la derecha. El dorsal es lo que tira el hombro a rotación interna; si no lo sueltas, todo lo de arriba trabaja en contra."
core-ciclista,Core del ciclista,strength,catcow,main,,,Gato-camello,,Sin equipo,1,10 repeticiones,,,1,0,,"En cuadrupedia, alterna redondear y arquear la columna al ritmo de la respiración. Muévete vértebra por vértebra, no en bloque: esto es control pélvico y articular, no un estiramiento."
core-ciclista,Core del ciclista,strength,thread,main,,,Thread the needle,,Sin equipo,1,8 por lado,,,1,0,,"En cuadrupedia, pasa un brazo por debajo del cuerpo y rota apoyando el hombro; después abre el mismo brazo hacia el techo siguiéndolo con la mirada. La cadera se queda quieta y encuadrada — la rotación sale de la columna dorsal, que es exactamente lo que se te traba después de horas en el manillar."
core-ciclista,Core del ciclista,strength,birddog,main,,,Bird dog,,Sin equipo,1,10 por lado,,,1,0,,"Extiende brazo y pierna contrarios hasta la línea del tronco. Espalda plana como si tuvieras un vaso de agua en la lumbar, y aprieta el glúteo al estirar la pierna."
core-ciclista,Core del ciclista,strength,bridge,main,,,Puente de glúteos,,Sin equipo,1,15 repeticiones,,,1,0,,Empuja con los talones y sostén 2 segundos arriba apretando fuerte los glúteos. La pausa es lo que despierta el glúteo; sin ella son quince repeticiones de nada.
core-ciclista,Core del ciclista,strength,deadbug,main,,,Dead bug,,Anti-extensión,1,12-15 por lado,15,,1,0,,"Brazos al techo, piernas a 90°. Extiende brazo y pierna contrarios hacia el suelo sin tocarlo. La lumbar empuja contra el piso todo el tiempo — es la capacidad de mantener el tronco rígido mientras las piernas se mueven en rango amplio, que es literalmente pedalear."
core-ciclista,Core del ciclista,strength,bearTaps,main,,,Plancha de oso con toques de hombro,,Anti-rotación,1,16-20 toques,15,,1,0,,"En cuadrupedia con las rodillas despegadas unos centímetros del piso, toca el hombro contrario con una mano. La cadera no bascula ni un grado. Con la rodilla debajo de la cadera el ángulo se parece mucho más al de la bici que una plancha larga — y es más difícil de lo que parece."
core-ciclista,Core del ciclista,strength,sidePlank,main,,,Plancha lateral con elevación de pierna,,Anti-flexión lateral,1,30-40s por lado,15,,1,0,,"Antebrazo debajo del hombro, cuerpo en línea, cadera arriba. Una vez estable, sube y baja la pierna de arriba controlada. Oblicuos y glúteo medio — los que evitan que la rodilla se meta hacia adentro en la fase de empuje."
core-ciclista,Core del ciclista,strength,slBridge,main,,,Puente de glúteos a una pierna,,Cadena posterior,1,12-15 por pierna,15,,1,0,,"Un talón apoyado cerca de los glúteos, la otra rodilla abrazada al pecho. Empuja con el talón. Si lo sientes en la lumbar, mete la pelvis y baja la altura: la idea es aislar el glúteo, no que el psoas dominante haga otra vez todo el trabajo."
core-ciclista,Core del ciclista,strength,crossReach,main,,,Plancha con alcance cruzado,,Anti-rotación,1,10-12 alcances,15,,1,0,,"En plancha alta, estira una mano lejos y cruzada, pasando la línea de la otra mano, lento. La cadera no rota ni se hunde. Es la versión sin peso del arrastre: pide la misma tensión cruzada entre el dorsal de un lado y el glúteo del otro — la conexión de tirar del manillar mientras empujas el pedal contrario."
core-ciclista,Core del ciclista,strength,longPlank,main,,,Plancha larga,,Anti-extensión,1,20-30s,75,,1,0,,"Plancha de antebrazos, pero con los codos bastante más adelante que los hombros. Pelvis metida, costillas hacia abajo. Cuanto más adelante los codos, más brutal — busca la distancia donde puedes aguantar 20 segundos sin que la lumbar se hunda, ni un centímetro más."
core-ciclista,Core del ciclista,strength,hipflex,main,,,Psoas con apriete de glúteo,,Posición de caballero,1,60s por pierna,,,1,0,,"Media rodilla, y aprieta fuerte el glúteo de la pierna de atrás antes de avanzar. Ese apriete es lo que apaga el psoas y lo deja estirar de verdad. Después de horas de sillín, este es el estiramiento que más te devuelve."
core-ciclista,Core del ciclista,strength,child,main,,,Postura del niño,,Sin equipo,1,1-2 min,,,1,0,,"Sentado sobre los talones, brazos largos adelante. Respira profundo y largo para soltar lumbar y dorsales. No es relleno: es donde el sistema baja de revoluciones después de 20 minutos de tensión."
core-corredor,Core del corredor,strength,catcow,main,,,Gato-camello,,Sin equipo,1,10 repeticiones,,,1,0,,"En cuadrupedia, alterna redondear y arquear la columna al ritmo de la respiración. Muévete vértebra por vértebra, no en bloque: esto es control articular, no un estiramiento."
core-corredor,Core del corredor,strength,thread,main,,,Thread the needle,,Sin equipo,1,8 por lado,,,1,0,,"En cuadrupedia, pasa un brazo por debajo del cuerpo apoyando el hombro; después abre ese mismo brazo hacia el techo siguiendo la mano con la mirada. La cadera se queda encuadrada — la rotación sale de la dorsal. Todo el circuito de hoy entrena a no rotar; para eso el tórax tiene que poder rotar, o la lumbar rota en su lugar."
core-corredor,Core del corredor,strength,birddog,main,,,Bird dog dinámico,,Sin equipo,1,10 por lado,,,1,0,,"Extiende brazo y pierna contrarios hasta la línea del tronco y alterna sin pausas largas. Espalda plana, como si tuvieras un vaso de agua en la lumbar. Es el patrón cruzado de la marcha: hombro contra glúteo opuesto, que es el que sostiene la zancada."
core-corredor,Core del corredor,strength,bridgeMarch,main,,,Puente de glúteos con marcha,,Sin equipo,1,20 repeticiones,,,1,0,,"Cadera arriba y fija; despega un pie por vez llevando la rodilla al pecho y alterna. La pelvis no cae para ningún lado. Si se hunde, el glúteo todavía no está despierto — baja el ritmo antes que el rango."
core-corredor,Core del corredor,strength,deadbugPress,main,,,Dead bug con presión isométrica,,Anti-extensión,1,10-12 por lado,15,,1,0,,"Boca arriba, rodillas a 90°, palmas contra los muslos. Empuja las piernas hacia ti y resiste con las manos sin ceder; sin soltar esa tensión, extiende brazo y pierna contrarios hacia el suelo sin tocarlo. La lumbar empuja contra el piso todo el tiempo — es lo primero que se pierde en el último tercio, cuando la pelvis se va a anteversión y la zancada se acorta sola."
core-corredor,Core del corredor,strength,sidePlankKnee,main,,,Plancha lateral con rodilla al pecho,,Anti-flexión lateral,1,10-12 por lado,15,,1,0,,"Antebrazo debajo del hombro, cadera arriba y en línea. Ya estable, lleva la rodilla de la pierna de arriba al pecho como en la fase de vuelo y vuelve a extenderla. La cadera de abajo no baja ni un centímetro. El glúteo medio del lado de apoyo es el que evita que la pelvis colapse en cada aterrizaje, y de ese colapso salen la cintilla iliotibial y buena parte de las rodillas."
core-corredor,Core del corredor,strength,plankReach,main,,,Plancha alta con alcance al frente,,Anti-rotación,1,16-20 alcances,15,,1,0,,"Plancha alta, pies a la anchura de los hombros. Estira un brazo hacia adelante como si quisieras tocar la pared, sostén 2 segundos y baja. Alterna. Costillas abajo y cadera quieta — al sacar un apoyo el tronco tiene que resistir la rotación, que es exactamente lo que le pide el braceo. Cada grado que rota el tronco es energía que no fue hacia adelante."
core-corredor,Core del corredor,strength,slBridgeIso,main,,,Puente a una pierna isométrico,,Cadena posterior,1,30-40s por pierna,15,,1,0,,"Un talón apoyado cerca de los glúteos, la otra rodilla abrazada al pecho. Sube la cadera hasta alinear rodilla, cadera y hombro y quédate ahí. Si lo sientes en la lumbar o en los isquios, mete la pelvis y baja un poco la altura: buscamos glúteo mayor, que es lo que sostiene y propulsa mientras estás apoyado en un solo pie."
core-corredor,Core del corredor,strength,lungeRot,main,,,Zancada inversa con rotación,,Rotación · integración bípeda,1,10-12 por pierna,15,,1,0,,"Paso atrás a zancada. En la posición baja, con los brazos extendidos al frente, rota el tronco hacia el lado de la pierna que quedó adelante, vuelve al centro y sube. La rodilla de adelante no se mete hacia adentro. Aquí el trabajo del piso pasa a la posición del corredor: cadera y rodilla estables mientras el tren superior rota controlado."
core-corredor,Core del corredor,strength,slDeadlift,main,,,Peso muerto a una pierna,,Apoyo unipodal,1,8-10 por pierna,75,,1,0,,"De pie sobre una pierna, rodilla apenas flexionada. Lleva el tronco adelante y la pierna libre atrás hasta que queden en una sola línea, y vuelve sin apoyar. La cadera libre no se abre: las dos crestas ilíacas miran al piso. Es el ejercicio que más se parece a correr de toda la lista — cadena posterior, equilibrio y anti-rotación, sobre un solo pie. Si te tambaleas, acorta el rango antes que tocar el piso con la otra punta."
core-corredor,Core del corredor,strength,hipflex,main,,,Psoas con apriete de glúteo,,Posición de caballero,1,60s por pierna,,,1,0,,Media rodilla en el piso y aprieta fuerte el glúteo de la pierna de atrás antes de avanzar la cadera. Ese apriete es lo que apaga el psoas y lo deja estirar de verdad. Corriendo se acorta kilómetro a kilómetro; es el estiramiento que más te devuelve.
core-corredor,Core del corredor,strength,fig4,main,,,Figura de 4,,Glúteo y piramidal,1,60s por pierna,,,1,0,,"Boca arriba, cruza un tobillo sobre la rodilla contraria y tira del muslo de atrás hacia el pecho. Respira largo y no fuerces el rango: glúteo y piramidal son los que quedan duros después de un fondo, y los que tiran de la cadera si no se sueltan."
